Symbol,CoinName,Id,pricedata,twitter,reddit
007,007 coin,5294,False,,
1337,1337,20824,False,,
1CR,1Credit,5406,True,,
1ST,FirstBlood,28328,True,https://twitter.com/firstbloodio,
2015,2015 coin,3744,True,,
2BACCO,2BACCO Coin,30912,False,,
2GIVE,2GiveCoin,20910,True,https://twitter.com/2GiveCoin,https://www.reddit.com/r/2GIVE/
32BIT,32Bitcoin,30428,False,,
365,365Coin,33639,False,,
3DES,3DES,304693,False,,
404,404Coin,21227,False,,
42,42 Coin,4321,False,,
4CHN,ChanCoin,175683,False,,
611,SixEleven,20909,False,,
808,808,28223,False,,
888,Octocoin,29462,False,,
8BIT,8BIT Coin,5327,True,,
8BT,8 Circuit Studios,177124,True,https://twitter.com/8circuitstudios,
8S,Elite 888,310852,False,,
ABC,AB-Chain,303943,False,,
ABT,Advanced Browsing Token,394056,False,,
ABY,ArtByte,5338,True,https://twitter.com/AppleByteMe,
ABYSS,The Abyss,419711,False,,
AC,Asia Coin,4322,False,,
AC3,AC3,517389,False,,
ACC,AdCoin,249821,False,,
ACCO,Accolade,619929,False,,
ACE,TokenStars,294364,False,,
ACES,AcesCoin,45617,False,,
ACID,AcidCoin,39700,False,,
ACN,AvonCoin,35949,False,,
ACOIN,ACoin,4323,False,,
ACP,Anarchists Prime,6476,False,,
ACT,ACT,177157,False,,
ACT*,Achain,446372,False,,
ADA,Cardano,321992,True,https://twitter.com/cardanocom,https://www.reddit.com/r/cardano/
ADB,Adbank,468052,False,,
ADC,AudioCoin,6108,True,https://twitter.com/Aurovine,
ADCN,Asiadigicoin,20907,False,,
ADL,Adelphoi,127738,False,,
ADN,Aiden,21007,True,,
ADST,Adshares,194530,False,,
ADT,AdToken,188858,True,https://twitter.com/ad_chain,https://www.reddit.com/r/adChain/
ADX,AdEx,170452,True,https://twitter.com/AdEx_Network,https://www.reddit.com/r/AdEx/
ADZ,Adzcoin,20656,False,,
AE,Aeternity,190978,True,https://twitter.com/aetrnty,https://www.reddit.com/r/Aeternity/
AEC,AcesCoin,20986,False,,
AEON,AeonCoin,20730,True,https://twitter.com/AeonCoin,https://www.reddit.com/r/aeon/
AERM,Aerium,411647,False,,
AERO,Aero Coin,4324,False,,
AGRS,Agoras Token,191142,True,https://twitter.com/TauChainOrg,
AGS,Aegis,4326,False,,
AHT,Ahoolee,175611,False,,
AHT*,Bowhead Health,186064,False,,
AIB,AdvancedInternetBlock,20806,False,,
AID,AidCoin,368770,False,,
AION,Aion,431235,True,https://twitter.com/Aion_Network,https://www.reddit.com/r/AionNetwork/
AIR,AirToken,338555,True,https://twitter.com/airtoken,
AIR*,Aircoin,30182,False,,
ALC,Arab League Coin,33401,False,,
ALEX,Alexandrite,45607,False,,
ALF,AlphaCoin,4325,False,,
ALIS,ALISmedia,331603,False,,
ALN,AlienCoin,4328,False,,
ALQO,Alqo,402782,False,,
ALTCOM,AltCommunity Coin,369110,False,,
ALTOCAR,AltoCar,240439,False,,
AM,AeroMe,5330,True,https://twitter.com/aerocoin,
AMB,Ambrosus,238733,True,https://twitter.com/AmbrosusAMB,
AMBER,AmberCoin,5332,False,,
AMC,AmericanCoin,4327,False,,
AMIS,AMIS,57676,False,,
AMM,MicroMoney,589881,True,https://twitter.com/micromoneyio,
AMMO,Ammo Rewards,182463,False,,
AMP,Synereo,18244,True,https://twitter.com/Synereo,https://www.reddit.com/r/Synereo/
AMS,Amsterdam Coin,15284,True,https://twitter.com/amsterdam_coin,https://www.reddit.com/r/AmsterdamCoinOfficial/
AMT,Acumen,243045,False,,
AMY,Amygws,59304,False,,
ANAL,AnalCoin,37359,False,,
ANC,Anoncoin,27370,False,,
ANCP,Anacrypt,196572,False,,
AND,AndromedaCoin,30568,False,,
ANT,Aragon,78152,True,https://twitter.com/AragonProject,
ANTC,AntiLitecoin,29758,False,,
ANTI,Anti Bitcoin,20828,False,,
APC,AlpaCoin,20722,False,,
APEX,ApexCoin,4330,True,,
APPC,AppCoins,346812,True,https://twitter.com/AppCoinsProject,https://www.reddit.com/r/AppcoinsProtocol/
APT,Aptcoin,60419,False,,
APX,Apx,74912,True,https://twitter.com/APX_Ventures,
AR*,Ar.cash,251598,False,,
ARB,Arbit Coin,7599,True,https://twitter.com/get_ARbit,
ARBI,Arbi,334856,False,,
ARC,ArcticCoin,188615,False,,
ARC*, Arcade City,435659,False,,
ARCH,ArchCoin,4331,True,https://twitter.com/ARCHcoin,https://www.reddit.com/r/theARCHcoin/
ARCO,AquariusCoin,34506,False,,
ARDR,Ardor,30173,True,https://twitter.com/ArdorPlatform,https://www.reddit.com/r/Ardor/
ARENA,Arena,201896,False,,
ARG,Argentum,4371,False,,
ARGUS,ArgusCoin,70352,False,,
ARI,AriCoin,4332,True,,
ARI*,BeckSang,235221,False,,
ARK,ARK,32699,True,https://twitter.com/ArkEcosystem,https://www.reddit.com/r/ArkEcosystem/
ARM,Armory Coin,28654,False,,
ARN,Aeron,335127,True,https://twitter.com/aeron_aero,
ARNA*,ARNA Panacea,303888,False,,
ARPA,ArpaCoin,60618,False,,
ART,Maecenas,311558,True,https://twitter.com/maecenasart,
ASAFE2,Allsafe,38367,False,,
ASN,Ascension Coin,5356,True,https://twitter.com/Dev_Ascension,
AST,AirSwap,337162,True,https://twitter.com/airswap,
AST*,Astral,38959,False,,
ASTRO,Astronaut,387875,False,,
ATB,ATB coin,175618,True,https://twitter.com/atbcoincom,
ATCC,ATC Coin,339419,False,,
ATFS,ATFS Project,375855,False,,
ATKN,A-Token,310392,False,,
ATL,ATLANT,235213,True,https://twitter.com/atlantio,
ATM,Autumncoin,28023,True,,
ATMS,Atmos,61902,False,,
ATOM,Atomic Coin,29721,False,,
ATOM*,Cosmos,199107,False,,
ATS,Authorship,345017,True,https://twitter.com/authorship_com,
ATX,ArtexCoin,33871,False,,
AUA,ArubaCoin,659663,False,,
AUR,Aurora Coin,4333,True,https://twitter.com/auroracoinIS,
AURS,Aureus,341400,False,,
AUT,Autoria,206001,False,,
AUTH,Authoreon,222200,False,,
AV,Avatar Coin,38026,False,,
AVA,Avalon,248300,False,,
AVE,Avesta,362627,False,,
AVT,AventCoin,138642,True,https://twitter.com/aventussystems,https://www.reddit.com/r/Aventus/
AXIOM,Axiom Coin,8693,True,https://twitter.com/AxiomCrypto,
AXR,AXRON,4334,False,,
AXT,AIX,372029,False,,
B2B,B2B,517795,False,,
B3,B3 Coin,28333,False,,
B@,BankCoin,56078,False,,
BAC,BitalphaCoin,20348,False,,
BAC*,LakeBanker,329507,False,,
BAN,Babes and Nerds,43247,False,,
BAR,TBIS token,354771,False,,
BAS,BitAsean,586638,True,https://twitter.com/BitAseanTeam,
BASH,LuckChain,33129,False,,
BAT,Basic Attention Token,107672,True,https://twitter.com/attentiontoken,
BAY,BitBay,5300,True,https://twitter.com/BitBayMarket,
BBCC,BaseballCardCoin,29554,False,,
BBR,Boolberry,5343,True,https://twitter.com/BoolberryBBR,
BBT,BitBoost,398648,False,,
BBT*,BrickBlock,198474,False,,
BCAP,Blockchain Capital,72955,False,,
BCCOIN,BitConnect Coin,35165,True,https://twitter.com/bitconnect,
BCD,Bitcoin Diamond,409492,True,https://twitter.com/BitcoinDiamond_,
BCD*,BitCAD,419930,False,,
BCF,BitcoinFast,34854,True,https://twitter.com/BitCoinFastTeam,
BCH,Bitcoin Cash / BCC,202330,True,,
BCN,ByteCoin,5280,True,https://twitter.com/bytecoin_dev,https://www.reddit.com/r/BytecoinBCN/
BCO*,BridgeCoin,422188,False,,
BCOIN,BannerCoin,536905,False,,
BCPT,BlockMason Credit Protocol,374281,True,https://twitter.com/blockmasonio,
BCR,BitCredit,5345,True,https://twitter.com/yvg1900,
BCX,BattleCoin,4335,False,,
BCX*,BitcoinX,536213,False,,
BCY,BitCrystals,20315,True,https://twitter.com/spellsofgenesis,
BDG,BitDegree,423754,False,,
BDL,Bitdeal,374294,False,,
BDR,BlueDragon,372637,False,,
BELA,BelaCoin,21239,True,https://twitter.com/BelaCoin,
BEN,Benjamins,4336,False,,
BENJI,BenjiRolls,71884,False,,
BERN,BERNcash,20817,False,,
BEST,BestChain,56246,False,,
BET,BetaCoin,4337,True,https://twitter.com/Betacoin,
BET*,DAO.casino,177831,True,https://twitter.com/daocasino,
BFX,BitFinex Tokens,25238,True,,
BHC,BighanCoin,29559,False,,
BHC*,BlackholeCoin,369029,False,,
BIC,Bikercoins,41587,False,,
BIGUP,BigUp,20819,False,,
BIO,Biocoin,484355,False,,
BIOB,BioBar,50734,False,,
BIOS,BiosCrypto,20209,False,,
BIP,BipCoin,33936,False,,
BIS,Bismuth,322963,False,,
BIT16,16BitCoin,22333,False,,
BITB,BitBean,4338,True,https://twitter.com/BitBeanCoin,https://www.reddit.com/r/BitBean/
BITCNY,bitCNY,28019,True,,
BITOK,BitOKX,81445,False,,
BITS,BitstarCoin,5368,True,,
BITSD,Bits Digit,198251,False,,
BITUSD,bitUSD,28021,True,,
BITZ,Bitz Coin,7626,True,https://twitter.com/bitz_currency,
BKX,BANKEX,241757,False,,
BLAS,BlakeStar,253707,False,,
BLAZR,BlazerCoin,60424,False,,
BLC,BlakeCoin,5362,True,https://twitter.com/BlakeCoin,
BLITZ,BlitzCoin,15879,True,https://twitter.com/bitalize,
BLK,BlackCoin,4339,True,https://twitter.com/CoinBlack,https://www.reddit.com/r/blackcoin/
BLOCK,BlockNet,5305,True,https://twitter.com/The_Blocknet,
BLOCKPAY,BlockPay,28204,False,,
BLRY,BillaryCoin,20336,False,,
BLT,Bloom Token,638634,False,,
BLU,BlueCoin,4340,True,https://twitter.com/BlueCoin_info,
BLUE,Ethereum Blue,350048,False,,
BLX,Blockchain Index,241634,False,,
BM,BitMoon,24405,False,,
BM*,Bitcomo,345544,False,,
BMC,Blackmoon Crypto,304184,True,https://twitter.com/BlackmoonFG,https://www.reddit.com/r/BlackMoonCrypto/
BMT,BMChain,481737,True,https://twitter.com/BmChain,
BMXT,Bitmxittz,213113,False,,
BNB,Binance Coin,204788,True,https://twitter.com/binance_2017,https://www.reddit.com/r/binance/
BNB*,Boats and Bitches,60622,False,,
BNC,Benjacoin,215570,False,,
BNK,Bankera,384605,False,,
BNT,Bancor Network Token,22327,True,https://twitter.com/bancornetwork,https://www.reddit.com/r/Bancor/
BNTY,Bounty0x,543363,False,,
BNX,BnrtxCoin,56682,False,,
BOAT,Doubloon,57742,False,,
BOB,Bob Coin,7635,True,https://twitter.com/Dobbscoin,
BOG,Bogcoin,188677,False,,
BOLI,BolivarCoin,21357,False,,
BOMB,BombCoin,42110,False,,
BON,BonesCoin,21869,False,,
BON*,Bonpay,346775,False,,
BOOM,BOOM Coin,5378,True,https://twitter.com/Boom_Coin,
BOS,BOScoin,116384,True,https://twitter.com/boscoinio,https://www.reddit.com/r/boscoin/
BOSON,BosonCoin,33869,False,,
BOSS,BitBoss,41125,False,,
BOST,BoostCoin,4342,False,,
BOT,Bodhi,660947,False,,
BOTS,ArkDAO,28125,False,,
BOU,Boulle,241804,False,,
BOXY,BoxyCoin,465681,False,,
BPL,BlockPool,384729,False,,
BQ,Bitqy,340125,False,,
BQC,BQCoin,4343,False,,
BQX,Ethos,141464,True,https://twitter.com/Ethos_io,
BRAIN,BrainCoin,30373,False,,
BRAT,Brat,357734,False,,
BRC,BrightCoin,679231,False,,
BRD,Bread token,543502,True,https://twitter.com/breadtoken,
BRDD,BeardDollars,33875,False,,
BRIT,BritCoin,182416,True,https://twitter.com/britcoin3uk,https://www.reddit.com/r/britcoin3/
BRK,BreakoutCoin,20892,True,https://twitter.com/BreakoutGaming,https://www.reddit.com/r/BreakoutCoin/
BRO,Bitradio,234982,False,,
BRONZ,BitBronze,28888,False,,
BRX,Breakout Stake,299415,True,https://twitter.com/BreakoutGaming,
BS,BlackShadowCoin,30175,False,,
BSC,BowsCoin,7482,False,,
BSD,BitSend,22329,True,https://twitter.com/Bit_send,
BST,BitStone,15272,True,https://twitter.com/BitStone_Devs,
BSTAR,Blackstar,35684,False,,
BSTK,BattleStake,57466,False,,
BSTY,GlobalBoost,6100,True,https://twitter.com/GlobalBoost,
BT,BuildTeam,249784,False,,
BT1,Bitfinex Bitcoin Future,364317,True,,
BT2,Bitcoin SegWit2X,364348,True,,
BTA,Bata,16125,True,https://twitter.com/Bata_Money,https://www.reddit.com/r/batamoney/
BTB,BitBar,4399,False,,
BTC,Bitcoin,1182,True,https://twitter.com/bitcoin,https://www.reddit.com/r/bitcoin/
BTCA,Bitair,531559,True,,
BTCD,BitcoinDark,4400,True,https://twitter.com/BitcoinDark,https://www.reddit.com/r/bitcoindark/
BTCE,EthereumBitcoin,463700,False,,
BTCL,BTC Lite,486837,False,,
BTCL*,BitluckCoin,29370,False,,
BTCM,BTCMoon,429400,False,,
BTCR,BitCurrency,28764,False,,
BTCRED,Bitcoin Red,371064,False,,
BTCRY,BitCrystal,5344,True,,
BTCS,Bitcoin Scrypt,71321,False,,
BTCZ,BitcoinZ,327184,False,,
BTD,Bitcloud,28089,False,,
BTDX,Bitcloud 2.0,362846,False,,
BTE,ByteCoin,4401,False,,
BTG,Bitcoin Gold,347235,True,https://twitter.com/bitcoingold,
BTG*,BitGem,4402,False,,
BTH,Bytether ,620037,False,,
BTLC,BitLuckCoin,33522,False,,
BTM,BitMark,4403,True,https://twitter.com/ProjectBitmark,
BTM*,Bytom,218008,True,,
BTMI,BitMiles,5404,True,https://twitter.com/bitmilesco,
BTPL,Bitcoin Planet,182346,False,,
BTQ,BitQuark,8763,False,,
BTS,Bitshares,5039,True,https://twitter.com/_bitshares,https://www.reddit.com/r/BitShares/
BTSE,BitSerial,637960,False,,
BTTF,Coin to the Future,33945,False,,
BTX,Bitcore,198983,True,https://twitter.com/bitcore_btx,
BTX*,BitcoinTX,6113,False,,
BTZ,BitzCoin,42843,False,,
BUCKS,SwagBucks,66685,True,https://twitter.com/SwagSociety_me,
BUCKS*,GorillaBucks,7481,False,,
BUK,CryptoBuk,4404,False,,
BULLS,BullshitCoin,35821,False,,
BURST,BurstCoin,5286,True,https://twitter.com/Burstcoin_dev,https://www.reddit.com/r/burstcoin/
BUZZ,BuzzCoin,28893,False,,
BVC,BeaverCoin,48800,False,,
BWK,Bulwark,453855,False,,
BXC,Bitcedi,45031,False,,
BXT,BitTokens,28208,False,,
BYC,ByteCent,5308,True,https://twitter.com/Bytecent_BYC,https://www.reddit.com/r/Bytecent/
BamitCoin,BAM,35407,False,,
C2,Coin.2,5396,True,https://twitter.com/Coin2Crypto,
C20,Crypto20,339632,False,,
CAB,CabbageUnit,20212,False,,
CABS,CryptoABS,196986,False,,
CABS*,CyberTrust,357413,False,,
CACH,Cachecoin,4405,False,,
CAG,Change,341422,False,,
CAIX,CAIx,4406,True,https://twitter.com/JStuhlman,https://www.reddit.com/r/CAIx/
CALC,CaliphCoin,30029,False,,
CAM,Camcoin,5398,True,https://twitter.com/CamCoinShare,
CAN*,CanYaCoin,327632,False,,
CANN,CannabisCoin,4407,True,https://twitter.com/CannabisCoins,
CAP,BottleCaps,4408,False,,
CAPP,Cappasity,306304,True,https://twitter.com/cappasity,
CARBON,Carboncoin,21382,False,,
CAS,Cashaa,319254,False,,
CASH,CashCoin,4409,False,,
CASH*,Cash Poker Pro,222436,False,,
CAT,BlockCAT,194567,False,,
CAT*,BitClave,185689,True,https://twitter.com/bitclave,
CAT1,Catcoin,4410,False,,
CAV,Caviar,340776,False,,
CBD,CBD Crystals,33008,False,,
CBX,CryptoBullion,4411,False,,
CC,CyberCoin,5367,True,,
CCC,CCCoin,210595,False,,
CCN,CannaCoin,4412,True,https://twitter.com/CCNProject,
CCOS,CrowdCoinage,542719,False,,
CCRB,CryptoCarbon,35818,False,,
CCT*,Crystal Clear Token ,301191,False,,
CCX,CoolDarkCoin,34851,False,,
CDN,Canada eCoin,52015,False,,
CDT,CoinDash,177139,True,https://twitter.com/coindashio,
CDX,Cryptodex,26113,True,,
CDX*,Commodity Ad Network,412267,False,,
CELL,SolarFarm,5297,False,,
CESC,Crypto Escudo,6104,False,,
CETI,CETUS Coin,3644,True,https://twitter.com/CetusCoin,
CF,Californium,30119,True,,
CFC,CoffeeCoin,30123,False,,
CFD,Confido,379232,False,,
CFI,Cofound.it,136984,True,https://twitter.com/cofound_it,https://www.reddit.com/r/cofoundit/
CFT,CryptoForecast,182258,False,,
CFT*,Credo,241536,False,,
CGA,Cryptographic Anomaly,20911,True,https://twitter.com/CGAnomaly,https://www.reddit.com/r/cgacoin/
CHA,Charity Coin,7580,True,,
CHAO,23 Skidoo,41974,False,,
CHASH,CleverHash,3648,True,https://twitter.com/cleverhash,
CHAT,ChatCoin,52008,False,,
CHC,ChainCoin,56249,False,,
CHESS,ChessCoin,22407,False,,
CHIEF,TheChiefCoin,37214,False,,
CHILD,ChildCoin,5377,True,https://twitter.com/XLaboratories,
CHIP,Chip,8696,False,,
CHIPS*,CHIPS,517603,False,,
CHOOF,ChoofCoin,31002,False,,
CIN,CinderCoin,4413,False,,
CINNI,CINNICOIN,4414,True,https://twitter.com/CinniCoin,
CIR,CircuitCoin,43598,False,,
CIRC,CryptoCircuits,7484,True,https://twitter.com/CryptoCircuits,https://www.reddit.com/r/cryptocircuits/
CIX,Cryptonetix,328667,False,,
CJ,CryptoJacks,23734,False,,
CJC,CryptoJournal,58125,False,,
CJT,ConnectJob Token,382617,False,,
CKC,Clockcoin,22207,True,https://twitter.com/clockcoin,
CL,CoinLancer,659393,True,https://twitter.com/Coin_Lancer,
CLAM,CLAMS,4416,True,https://twitter.com/ClamClient,https://www.reddit.com/r/CLAMClient/
CLD,Cloud,370606,True,https://twitter.com/Cloudwith_me,
CLICK,Clickcoin,42680,False,,
CLINT,Clinton,22191,False,,
CLOAK,CloakCoin,4417,True,https://twitter.com/CloakCoin,https://www.reddit.com/r/CLOAK/
CLOUT,Clout,340816,False,,
CLR,CopperLark,4418,False,,
CLUB, ClubCoin,15869,True,https://twitter.com/Clubcoin_co,
CLUD,CludCoin,21359,False,,
CLV,CleverCoin,13074,False,,
CMC,CosmosCoin,4419,False,,
CMP,Compcoin,176004,False,,
CMPCO,CampusCoin,228090,False,,
CMS,COMSA,374358,False,,
CMT,CometCoin,22354,True,https://twitter.com/cometcoin,
CMT*,CyberMiles,439963,True,https://twitter.com/cybermiles,https://www.reddit.com/r/CyberMiles/
CNBC,Cash & Back Coin,431621,False,,
CNC,ChinaCoin,4420,False,,
CND,Cindicator,338070,True,https://twitter.com/Crowd_indicator,
CND*,Canada eCoin,37746,False,,
CNL,ConcealCoin,4421,False,,
CNMT,Coinomat,25825,True,,
CNO,Coino,42438,False,,
CNT,Centurion,70365,False,,
CNX,Cryptonex,289715,True,,
COAL,BitCoal,453581,False,,
COB,Cobinhood,234811,False,,
COC,Community Coin,30925,False,,
COE,CoEval,201701,False,,
COFI,CoinFi,436320,False,,
COIN*,Coin,20714,False,,
COLX,ColossusCoinXT,20903,False,,
COMM,Community Coin,4422,False,,
CON,Paycon,12985,False,,
COOL,CoolCoin,4423,False,,
COR,Corion,179980,False,,
CORAL,CoralPay,35232,False,,
CORE,Core Group Asset,205549,False,,
COSS,COSS,186335,True,https://twitter.com/cosscrypto,
COV,Covesting,338426,False,,
COV*,CovenCoin,28151,True,https://twitter.com/covencoin,
COVAL,Circuits of Value,28276,True,https://twitter.com/circuitsofvalue,
COX,CobraCoin,22326,False,,
CPAY,CryptoPay,345674,True,https://twitter.com/cryptopay,
CPC,CapriCoin,15282,True,https://twitter.com/Capricoin_Team,
CPN,CompuCoin,625381,False,,
CQST,ConquestCoin,37195,False,,
CRAB,CrabCoin,30179,False,,
CRACK,CrackCoin,4424,False,,
CRAFT,Craftcoin,29711,False,,
CRAIG,CraigsCoin,4425,True,https://twitter.com/CraigsCoin,https://www.reddit.com/r/CraigsCoin/
CRAVE,CraveCoin,5304,True,https://twitter.com/CRAVECoin,
CRB,Creditbit ,17547,False,,
CRC,CraftCoin,4426,False,,
CRC*,CrowdCoin,586482,False,,
CRDS,Credits,392253,False,,
CRE,Credits,8692,False,,
CREA,CreativeChain,48787,False,,
CRED,Verify,502301,False,,
CREDO,Credo,382450,False,,
CREVA,Creva Coin,6451,False,,
CRM,Cream,202049,False,,
CRNK,CrankCoin,30121,False,,
CRPS,CryptoPennies,41590,False,,
CRTM,Cryptum,255489,False,,
CRW,Crown Coin,7586,True,https://twitter.com/Crowncoin1,
CRX,ChronosCoin,25613,False,,
CRYPT,CryptCoin,4427,True,,
CS,CryptoSpots,35813,False,,
CSC,CasinoCoin,4428,False,,
CSH,CashOut,31004,False,,
CSMIC,Cosmic,34215,False,,
CSNO,BitDice,202714,True,https://twitter.com/BitDice,
CSTL,Castle,400432,False,,
CTC,CarterCoin,28083,False,,
CTIC,Coinmatic,79887,False,,
CTO,Crypto,6117,False,,
CTR,Centra,225277,True,https://twitter.com/centra_card,
CTT,CodeTract,206009,False,,
CTX,CarTaxi,278056,True,https://twitter.com/CarTaxi_24,
CUBE,DigiCube,20688,True,https://twitter.com/PurePoS,
CURE,Curecoin,5387,True,https://twitter.com/CureCoin_Team,
CVC,Civic,139467,True,https://twitter.com/civickey,
CVCOIN,Crypviser,188400,False,,
CWV,CryptoWave,446121,False,,
CWX,Crypto-X,584861,False,,
CWXT,CryptoWorldXToken,43265,False,,
CXC,CheckCoin,4415,True,https://twitter.com/BidCXC,
CXT,Coinonat,63308,False,,
CYC,ConSpiracy Coin ,5392,True,,
CYG,Cygnus,21213,False,,
CYP,CypherPunkCoin,5354,True,https://twitter.com/CypherCoin2015,
CYT,Cryptokenz,21706,False,,
CZC,Crazy Coin,327250,False,,
DANK,DarkKush,3640,True,https://twitter.com/DarkKushDANK,
DAR,Darcrus,32694,True,https://twitter.com/darcrus,
DARK,Dark,61066,False,,
DAS,DAS,194399,False,,
DASH,DigitalCash,3807,True,https://twitter.com/Dashpay,https://www.reddit.com/r/dashpay/
DAT,Datum,335505,False,,
DATA,Streamr DATAcoin,369151,True,https://twitter.com/streamrinc,
DAV,DavorCoin,596972,False,,
DAXX,DaxxCoin,453647,False,,
DAY,Chronologic,336705,False,,
DB,DarkBit,6116,False,,
DBC,DeepBrain Chain,586088,False,,
DBET,Decent.bet,380712,False,,
DBG,Digital Bullion Gold,21859,False,,
DBIC,DubaiCoin,20198,False,,
DBIX,DubaiCoin,57481,True,https://twitter.com/arabianchain,https://www.reddit.com/r/ArabianChain/
DBR,Düber,394055,False,,
DBTC,DebitCoin,20726,False,,
DCC,DarkCrave,6114,True,https://twitter.com/Dark_Crave,
DCK,DickCoin,28229,False,,
DCN,Dentacoin,218906,True,https://twitter.com/dentacoin,https://www.reddit.com/r/Dentacoin/
DCR,Decred,16713,True,https://twitter.com/decredproject,https://www.reddit.com/r/decred/
DCRE,DeltaCredits,34487,False,,
DCS.,deCLOUDs,26129,False,,
DCT,Decent,25721,True,https://twitter.com/DECENTplatform,
DCY,Dinastycoin,181373,False,,
DDF,Digital Developers Fund,180595,True,https://twitter.com/DigitalDevFund,
DEA,Degas Coin,79849,False,,
DEB,Debitum Token,408765,False,,
DEEP,Deep Gold,301119,False,,
DEM,eMark,4429,False,,
DENT,Dent,141331,True,https://twitter.com/dentcoin,
DES,Destiny,22330,True,,
DETH,DarkEther,40845,False,,
DEUR,DigiEuro,21384,False,,
DFBT,DentalFix,198693,False,,
DFS,DFSCoin,646897,False,,
DFT,Draftcoin,236039,False,,
DGB,DigiByte,4430,True,https://twitter.com/DigiByteCoin,https://www.reddit.com/r/Digibyte/
DGC,DigiCoin,4353,True,https://twitter.com/DigitalcoinDGC,
DGD,Digix DAO,18907,True,https://twitter.com/DigixGlobal,https://www.reddit.com/r/digix/
DGDC,DarkGold,28278,True,,
DGMS,Digigems,34496,False,,
DGORE,DogeGoreCoin,29904,False,,
DGPT,DigiPulse,202696,False,,
DICE,Etheroll,89572,True,https://twitter.com/etheroll,https://www.reddit.com/r/etheroll/
DIEM,CarpeDiemCoin,20213,True,,
DIGS,Diggits,12192,True,https://twitter.com/diggitsquad,
DIM,DIMCOIN,180678,True,https://twitter.com/DIMCOIN_ICO,
DIME,DimeCoin,21365,False,,
DISK,Dark Lisk,21652,False,,
DIVX,Divi,431413,False,,
DKC,DarkKnightCoin,30920,False,,
DLC,DollarCoin,28776,False,,
DLISK,Dlisk,23743,False,,
DLR,DollarOnline,34213,False,,
DLT,Agrello Delta,220204,True,https://twitter.com/AgrelloOfficial,
DMD,Diamond,4431,True,https://twitter.com/dmdcoin,https://www.reddit.com/r/dmd/
DMT,DMarket,192400,False,,
DNA,Encrypgen,180804,False,,
DNET,Darknet,20346,True,https://twitter.com/darknet_crypto,
DNR,Denarius,182288,False,,
DNT,district0x,177175,True,https://twitter.com/district0x,
DOGE,Dogecoin,4432,True,https://twitter.com/dogecoin,https://www.reddit.com/r/dogecoin/
DOGED,DogeCoinDark,17549,True,https://twitter.com/dogedcoin,
DOGETH,EtherDoge,33403,False,,
DON,DonationCoin,61073,False,,
DOPE,DopeCoin,28332,True,https://twitter.com/dopecoinGold,https://www.reddit.com/r/DopeCoin/
DOT,Dotcoin,20339,False,,
DOVU,DOVU,360827,False,,
DP,DigitalPrice,182325,True,https://twitter.com/digitalprice_,
DPAY,DelightPay,29718,False,,
DPP,Digital Assets Power Play,466977,False,,
DRA,DraculaCoin,38360,False,,
DRACO,DT Token,22248,True,https://twitter.com/E_Drachma,https://www.reddit.com/r/Drachmae/
DRC,Dropcoin,290053,False,,
DRC*,Darico,417510,False,,
DRGN,Dragonchain,355702,False,,
DRKC,DarkCash,4434,False,,
DRKT,DarkTron,7483,True,,
DRM8,Dream8Coin,33524,False,,
DROP,FaucetCoin,28767,False,,
DRP,DCORP,188523,False,,
DRS,Digital Rupees,33645,False,,
DRT,DomRaider,311829,True,https://twitter.com/domraider,
DRXNE,Droxne,384953,False,,
DRZ,Droidz,7480,True,https://twitter.com/Droidz_DRZ,
DSB,DarkShibe,4435,False,,
DSH,Dashcoin,20196,True,,https://www.reddit.com/r/Dashcoin/
DSR,Desire,423297,False,,
DT,DarkToken,3643,False,,
DTB,Databits,55540,True,https://twitter.com/AugmentorsGame,
DTC,Datacoin,369209,True,https://twitter.com/DatacoinX,https://www.reddit.com/r/Datacoin/
DTC*,DayTrader Coin,5337,False,,
DTCT,DetectorToken,223644,False,,
DTR,Dynamic Trading Rights,360063,False,,
DTT,DreamTeam Token,313176,False,,
DTT*,Data Trading,363066,False,,
DUB,DubCoin,7627,True,,
DUCK,DuckDuckCoin,56678,False,,
DUO,ParallelCoin,73132,False,,
DUTCH,Dutch Coin,372748,False,,
DUX,DuxCoin,105206,False,,
DVC,DevCoin,4436,False,,
DYN,Dynamic,131111,True,https://twitter.com/dualitychain,
EA,EagleCoin,45821,False,,
EAC,EarthCoin,4437,False,,
EAGS,EagsCoin,6106,True,https://twitter.com/EagsCurrency,
EARTH,Earth Token,324012,False,,
EB3,EB3coin,59968,False,,
EBCH,eBitcoinCash,371095,False,,
EBET,EthBet,345159,True,https://twitter.com/EthbetProject,
EBS,EbolaShare,5329,False,,
EBST,eBoost,368732,True,https://twitter.com/eBoostCoin,https://www.reddit.com/r/eboost/
EBTC,eBitcoin,321189,True,https://twitter.com/eBTCFoundation,https://www.reddit.com/r/ebtc/
EBZ,Ebitz,33636,False,,
EC,Eclipse,30367,False,,
ECA,Electra,409249,False,,
ECASH,Ethereum Cash,355117,True,https://twitter.com/EthereumCash_,
ECC,E-CurrencyCoin,129013,False,,
ECHT,e-Chat,344337,False,,
ECO,ECOcoin,61047,False,,
ECOB,EcoBit,171390,False,,
EDC,EducoinV,22185,False,,
EDDIE,Eddie coin,348256,False,,
EDG,Edgeless,55676,True,https://twitter.com/edgelessproject,https://www.reddit.com/r/Edgeless/
EDGE,EdgeCoin,6339,False,,
EDO,Eidoo,310297,True,https://twitter.com/eidoo_io,
EDR,E-Dinar Coin,27634,False,,
EDRC,EDRCoin,19051,False,,
EFL,E-Gulden,4438,True,,
EFYT,Ergo,165555,False,,
EGAS,ETHGAS,466786,False,,
EGC,EverGreenCoin,15885,True,https://twitter.com/EverGreenCoin_,https://www.reddit.com/r/EverGreenCoin/
EGG,EggCoin,5395,False,,
EGO,EGOcoin,29368,False,,
EKN,Elektron,5281,True,https://twitter.com/ElektronCoin,
EKO,EkoCoin,22328,True,,
ELC,Elacoin,4439,True,,
ELE,Elementrem,30550,True,,
ELF,aelf,571314,True,https://twitter.com/aelfblockchain,
ELITE,EthereumLite,360657,False,,
ELIX,Elixir,321177,False,,
ELLA,Ellaism,384651,False,,
ELM,Elements,339933,True,,
ELS,Elysium,42685,False,,
ELT,Eloplay,334997,False,,
ELTC2,eLTC,339581,False,,
ELTCOIN,ELTCOIN,438867,False,,
EMB,EmberCoin,33942,False,,
EMC,Emercoin,15876,True,https://twitter.com/EmerCoin_EMC,https://www.reddit.com/r/EmerCoin/
EMC2,Einsteinium,4440,True,,
EMD,Emerald,4441,False,,
EMGO,MobileGo,531426,True,https://twitter.com/MobileGoToken,
EMIGR,EmiratesGoldCoin,29556,False,,
EMPC,EmporiumCoin,63312,False,,
EMT,EasyMine,247322,False,,
ENE,EneCoin,28174,False,,
ENG,Enigma,338335,True,https://twitter.com/EnigmaMPC,
ENJ,Enjin Coin,283116,True,https://twitter.com/enjincs,
ENRG,EnergyCoin,4350,True,https://twitter.com/energycoin,
ENT,Eternity,34609,False,,
ENTER,EnterCoin (ENTER),24307,False,,
EOC,EveryonesCoin,44803,False,,
EON,Exscudo,255546,False,,
EOS,EOS,166503,True,https://twitter.com/eos_io,
EPY,Empyrean,7564,True,,
EPY*,Emphy,388076,False,,
EQ,EQUI,198698,False,,
EQB,Equibit,188300,False,,
EQM,Equilibrium Coin,6093,True,https://twitter.com/EquibriumCoin,
EQT,EquiTrader,105263,False,,
EQUAL,EqualCoin,30883,False,,
ERB,ERBCoin,28665,False,,
ERC,EuropeCoin,20748,True,https://twitter.com/EuropeCoinERC,
ERC20,Index ERC20,597540,False,,
EREAL,eREAL,625216,False,,
ERO,Eroscoin,439579,True,https://twitter.com/ErosCoinNews,
ERR,ErrorCoin,44749,False,,
ERT,Esports.com,328784,False,,
ERY,Eryllium,42694,False,,
ESC*,Ethersportcoin,383878,False,,
ESP,Espers,130951,False,,
ETBS,EthBits,188394,True,https://twitter.com/ethbits,
ETBT,Ethereum Black,431142,False,,
ETC,Ethereum Classic,5324,True,https://twitter.com/EthereumClassic,https://www.reddit.com/r/EthereumClassic/
ETF,EthereumFog,536137,False,,
ETG,Ethereum Gold,347450,False,,
ETH,Ethereum,7605,True,https://twitter.com/ethereumproject,https://www.reddit.com/r/ethereum/
ETHB,EtherBTC,412197,False,,
ETHD,Ethereum Dark,310754,False,,
ETHS,EthereumScrypt,20448,False,,
ETK,Energi Token,385960,False,,
ETN,Electroneum,361881,False,,
ETP,Metaverse,328639,True,https://twitter.com/mvs_org,
ETT,EncryptoTel,62529,False,,
EUC,Eurocoin,34849,False,,
EVC,Eventchain,308072,False,,
EVENT,Event Token,5405,True,https://twitter.com/EventToken,
EVIL,EvilCoin,22272,False,,
EVN,Envion,383953,False,,
EVR,Everus,340966,False,,
EVX,Everex,194883,True,https://twitter.com/everexio,
EXB,ExaByte (EXB),25925,False,,
EXCL,Exclusive Coin,4442,True,https://twitter.com/exclusivecoin,
EXE,ExeCoin,4443,True,,
EXIT,ExitCoin,22180,False,,
EXN,ExchangeN,370961,True,https://twitter.com/ExchangeN_com,
EXP,Expanse,12194,True,https://twitter.com/ExpanseOfficial,https://www.reddit.com/r/expanseofficial/
EXY,Experty,388493,False,,
EZC,EZCoin,4444,False,,
EZM,EZMarket,319029,False,,
F16,F16Coin,108099,False,,
FAIR,FairCoin,5313,True,https://twitter.com/FairCoinTeam,
FAME,FameCoin,33268,False,,
FAZZ,FazzCoin,60409,False,,
FC,Facecoin,307112,False,,
FC2,Fuel2Coin,4446,True,https://twitter.com/fuelcoinNEWS,
FCN,FantomCoin ,5385,True,,
FCS,CryptoFocus,6101,False,,
FCT,Factoids,13280,True,https://twitter.com/factomproject,https://www.reddit.com/r/factom/
FDC,FoodCoin,314355,False,,
FFC,FireflyCoin,4447,False,,
FGZ,Free Game Zone,33866,False,,
FIBRE,FIBRE,4448,True,https://twitter.com/fibrecoin,
FIL,FileCoin,213663,False,,
FIND,FindCoin,48807,False,,
FIRE,FireCoin,29196,False,,
FIRST,FirstCoin,34223,False,,
FIST,FistBump,33526,False,,
FIT,Fitcoin,29133,False,,
FJC,FujiCoin,29935,False,,
FLAP,Flappy Coin,4445,False,,
FLASH,FLASH coin,326222,False,,
FLAT,Future Loan Access Tokens,679566,False,,
FLDC,Folding Coin,5348,True,https://twitter.com/FoldingCoin,
FLIK,FLiK,329562,False,,
FLIXX,Flixxo,408849,False,,
FLLW,Follow Coin,350394,False,,
FLO,FlorinCoin,5325,True,https://twitter.com/Official_Florin,
FLOT,FireLotto,654118,False,,
FLP,Gameflip,337863,False,,
FLS,Fuloos Coin,645879,False,,
FLT,FlutterCoin,4449,True,https://twitter.com/fluttercoin,
FLVR,FlavorCoin,21878,False,,
FLX,Flash,21244,False,,
FLY,FlyCoin,21370,False,,
FND,FundRequest,180840,False,,
FNT,FinTab,453943,False,,
FONZ,FonzieCoin,28703,False,,
FOOD,FoodCoin,413886,False,,
FOR,Force Coin,661719,False,,
FOREX,ForexCoin,30361,False,,
FRAC,FractalCoin,4450,True,https://twitter.com/fractalcoin,
FRAZ,FrazCoin,247259,False,,
FRC,FireRoosterCoin,4521,False,,
FRD,Farad,409128,True,https://twitter.com/FARADCryptoken,
FRE,FreeCoin,34489,False,,
FRK,Franko,4522,True,https://twitter.com/FrankoCurrency,
FRN,Francs,20991,False,,
FRST,FirstCoin,45258,False,,
FRWC,Frankywillcoin,24866,False,,
FSC2,FriendshipCoin,5359,True,https://twitter.com/Friendshipcoin,
FSN,Fusion,28081,False,,
FST,FastCoin,4523,False,,
FTC,FeatherCoin,4524,True,https://twitter.com/Feathercoin,
FTP,FuturePoints,28131,False,,
FUCK,Fuck Token,229060,False,,
FUEL,Etherparty,292748,True,https://twitter.com/etherparty_io,
FUN,FunFair,178978,True,https://twitter.com/FunFairTech,https://www.reddit.com/r/FunfairTech/
FUNC,FunCoin,179018,False,,
FUTC,FutCoin,6343,False,,
FUZZ,Fuzzballs,21708,False,,
FX,FCoin,28336,False,,
FYN,FundYourselfNow,180820,True,https://twitter.com/fundyourselfnow,
FYP,FlypMe,464920,True,https://twitter.com/flyp_me,
GAIA,GAIA Platform,5383,True,https://twitter.com/gaia_coin,
GAKH,GAKHcoin,38277,False,,
GAM,Gambit coin,6102,True,https://twitter.com/gambitcrypto,
GAME,Gamecredits,20157,True,https://twitter.com/Game_Credits,
GAMEX,GameX,679646,False,,
GAP,Gapcoin,20659,True,https://twitter.com/Gapcoin,
GAS,Gas,213532,True,https://twitter.com/neo_blockchain,https://www.reddit.com/r/NEO/
GAT,GATCOIN,349487,False,,
GAY,GayCoin,28431,False,,
GB,GoldBlocks,26194,False,,
GBIT,GravityBit,42103,False,,
GBRC,GBR Coin,29458,False,,
GBT,GameBetCoin,20214,False,,
GBX,GoByte,398705,False,,
GBYTE,Byteball,30736,True,https://twitter.com/ByteballOrg,
GCC,GuccioneCoin,30566,False,,
GCC*,TheGCCcoin,667444,False,,
GCN,GCoin,199065,False,,
GCR,Global Currency Reserve,12217,True,https://twitter.com/GCRWorldwide,
GDC,GrandCoin,4526,False,,
GEA,Goldea,421896,False,,
GEMZ,Gemz Social,5310,True,https://twitter.com/getgemsorg,
GEN,Genstake,7588,True,https://twitter.com/Genstake,
GENE,PARKGENE,600395,False,,
GEO,GeoCoin,3647,True,https://twitter.com/geo_coin,
GER,GermanCoin,531089,False,,
GES,Galaxy eSolutions,377508,False,,
GET,Guaranteed Entrance Token,597181,False,,
GFT,Giftcoin,394121,False,,
GGS,Gilgam,180716,False,,
GHC,GhostCoin,5336,True,https://twitter.com/ghostcoin1,
GHOUL,Ghoul Coin,8832,False,,
GHS,Giga Hash,5307,False,,
GIFT,GiftNet,38962,False,,
GIG,GigCoin,5366,False,,
GIM,Gimli,243079,False,,
GIVE,GiveCoin,3641,True,,
GIZ,GIZMOcoin,21378,True,https://twitter.com/GizmoCoin,
GJC,Global Jobcoin,320412,False,,
GLA,Gladius,318704,False,,
GLC,GlobalCoin,4527,False,,
GLD,GoldCoin,4528,True,https://twitter.com/goldcoin,https://www.reddit.com/r/goldcoin/
GLOBE,Global,6393,True,https://twitter.com/GlobalCoinTeam,
GLT,GlobalToken,449614,False,,
GLX,GalaxyCoin,4529,False,,
GLYPH,GlyphCoin,4530,False,,
GMC,Gridmaster,5388,True,,
GML,GameLeagueCoin,4531,True,https://twitter.com/GameLeaguecoin,
GMT,Mercury Protocol,388042,False,,
GMX,Goldmaxcoin,30424,False,,
GNJ,GanjaCoin V2,30521,False,,
GNO,Gnosis,66193,True,https://twitter.com/gnosisPM,https://www.reddit.com/r/gnosisPM/
GNR,Gainer,676163,False,,
GNT,Golem Network Token,33022,True,https://twitter.com/golemproject,https://www.reddit.com/r/GolemProject/
GNX,Genaro Network,619375,False,,
GOA,GoaCoin,645830,False,,
GOAT,Goat,37356,False,,
GOLOS,Golos,40806,True,,
GOOD,GoodCoin,253766,False,,
GOON,Goonies,28221,False,,
GOT,Giotto Coin,63304,False,,
GOTX,GothicCoin,21875,False,,
GP,GoldPieces,7625,True,https://twitter.com/Gold_Pieces,
GPL,Gold Pressed Latinum,28330,False,,
GPU,GPU Coin,20650,False,,
GRAM,Gram Coin,8717,False,,
GRAV,Graviton,7634,True,https://twitter.com/GravitonCoin,
GRC,GridCoin,5309,True,https://twitter.com/GridcoinNetwork,https://www.reddit.com/r/gridcoin/
GRE,GreenCoin,5375,True,https://twitter.com/GoGreenCoin,
GREXIT,GrexitCoin,21380,False,,
GRF,Graft Network,326286,False,,
GRID,Grid+,385907,True,https://twitter.com/gridplus_energy,
GRID*,GridPay,5323,False,,
GRM,GridMaster,7592,True,,
GROW,GrownCoin,20600,False,,
GRS,Groestlcoin ,13070,True,https://twitter.com/GroestlcoinTeam,https://www.reddit.com/r/groestlcoin/
GRT,Grantcoin,20438,True,https://twitter.com/grantcoin,https://www.reddit.com/r/Grantcoin/
GRW,GrowthCoin,74894,False,,
GRWI,Growers International,207931,False,,
GRX,Gold Reward Token,439136,False,,
GSM,GSM Coin,5358,True,https://twitter.com/gsmcoin,
GSX,GlowShares,5397,True,,
GSY,GenesysCoin,22453,False,,
GTC,Game,667239,False,,
GTO,GIFTO,517477,True,https://twitter.com/GIFTO_io,
GUE,GuerillaCoin,4532,False,,
GUESS,Peerguess,327608,False,,
GUN,GunCoin,645936,False,,
GUNS,GeoFunders,185625,False,,
GUP,Guppy,67096,True,https://twitter.com/matchpool,https://www.reddit.com/r/Matchpool/
GVT,Genesis Vision,385952,True,https://twitter.com/genesis_vision,
GXC,Gx Coin,247350,False,,
GXC*,GenXCoin,339847,False,,
GXS,GXShares,659770,True,https://twitter.com/gongxinbao,
H2O,Hydrominer,310867,False,,
HAC,Hackspace Capital,321347,True,https://twitter.com/hackspacecap,
HAL,Halcyon,4533,True,https://twitter.com/HalcyonDev,
HALLO,Halloween Coin,29552,False,,
HAMS,HamsterCoin,112363,False,,
HAT,Hawala.Today,563196,False,,
HAZE,HazeCoin,43937,False,,
HBC,HomeBlockCoin,589829,False,,
HBN,HoboNickels,4534,False,,
HBT,Hubiit,247391,False,,
HCC,HappyCreatorCoin ,30371,True,,
HDG,Hedge Token,237407,True,https://twitter.com/hedgetoken,https://www.reddit.com/r/HedgeToken/
HEAT,Heat Ledger,25917,False,,
HEDG,Hedgecoin,7653,False,,
HEEL,HeelCoin,38035,False,,
HGT,Hello Gold,234508,True,,https://www.reddit.com/r/HelloGold/
HILL,President Clinton,30359,False,,
HION,Handelion,616471,False,,
HIRE,HireMatch,198458,True,https://twitter.com/hire_match,
HIRE*,BitHIRE,15882,False,,
HKG,Hacker Gold,29733,True,https://twitter.com/CampEther,
HKN,Hacken,517775,False,,
HMP,HempCoin,20655,False,,
HMQ,Humaniq,72438,True,https://twitter.com/Humaniq_co,
HNC,Hellenic Coin,8846,False,,
HNC*,Huncoin,373880,False,,
HODL,HOdlcoin,18670,False,,
HOLD,Interstellar Holdings,389808,False,,
HONEY,Honey,53915,False,,
HPB,High Performance Blockchain,675053,False,,
HPC,HappyCoin,62659,True,https://twitter.com/happycoin5,
HQX,HOQU,535054,False,,
HRB,Harbour DAO,176336,True,https://twitter.com/HarbourDao,https://www.reddit.com/r/HarbourDao/
HSP,Horse Power,35687,False,,
HSR,Hshare,318199,True,https://twitter.com/Mkt_Hcash,
HST,Decision Token,374246,False,,
HTC,Hitcoin,20153,False,,
HTML,HTML Coin,598428,False,,
HTML5,HTML Coin,84752,False,,
HUC,HunterCoin,4535,True,https://twitter.com/ChronoKings,
HUGE,BigCoin,5290,True,https://twitter.com/bigcoin_huge,
HUSH,Hush,33460,False,,
HVC,HeavyCoin,4536,False,,
HVCO,High Voltage Coin,21374,False,,
HVN,Hive,179329,True,https://twitter.com/hiveproject_net,https://www.reddit.com/r/HiveProject_net/
HXT,HextraCoin,338018,False,,
HXX,HexxCoin,41868,False,,
HYP,Hyperstake,4537,True,https://twitter.com/nigeldollentas,
HYPER,HyperCoin,5371,True,https://twitter.com/HyperCrypto,
HZ,Horizon,5312,True,https://twitter.com/Horizon_HZ,
HZT,HazMatCoin,35811,False,,
I0C,I0coin,16123,False,,
IBANK,iBankCoin,23745,False,,
ICASH,ICASH,5401,False,,
ICB,IceBergCoin,4538,False,,
ICC,Insta Cash Coin,400693,False,,
ICE,iDice,199004,False,,
ICN,Iconomi,25921,True,,
ICOB,Icobid,34499,False,,
ICON,Iconic,35825,False,,
ICOO,ICO OpenLedger,199363,False,,
ICOS,ICOBox,207775,True,https://twitter.com/icobox_io,
ICX,ICON Project,324068,True,https://twitter.com/helloiconworld,
IEC,IvugeoEvolutionCoin,68088,True,,
IETH,iEthereum,667344,False,,
IFC,Infinite Coin,4539,True,https://twitter.com/Infinitecoin_US,
IFLT,InflationCoin,32775,False,,
IFT,InvestFeed,185669,False,,
IGNIS,Ignis,231674,True,,
ILC,ILCoin,75440,False,,
ILCT,ILCoin Token,339598,False,,
IML,IMMLA,184187,True,https://twitter.com/IMMLA_io,
IMPCH,Impeach,44007,False,,
IMPS,Impulse Coin,37204,False,,
IMS,Independent Money System,68093,False,,
IMX,Impact,58121,False,,
IN,InCoin,37210,False,,
INC,Incrementum,38967,False,,
INCNT,Incent,35823,True,https://twitter.com/IncentLoyalty,
INCP,InceptionCoin,22264,False,,
IND,Indorse,185953,True,https://twitter.com/joinindorse,
INDI,IndiCoin,351078,True,https://twitter.com/Indi_Coin,https://www.reddit.com/r/Indicoin/
INF8,Infinium-8,84262,False,,
INFX,Influxcoin,20446,True,https://twitter.com/Infxcoin,https://www.reddit.com/r/Influxcoin/
INK,Ink,674918,False,,
INN,Innova,374211,False,,
INPAY,InPay,61912,False,,
INS,INS Ecosystem,370973,False,,
INSANE,InsaneCoin,33017,False,,
INSN,Insane Coin,105284,False,,
INV,Invictus,29713,False,,
INXT,Internxt,344988,False,,
IOC,IOCoin,4540,True,https://twitter.com/IO_Coin,https://www.reddit.com/r/IODigitalCurrency/
ION,Ionomy,20591,True,https://twitter.com/ionomics,
IOP,Internet of People,42596,True,https://twitter.com/IoP_community,https://www.reddit.com/r/IoP_Community//
IOT,IOTA,127356,True,https://twitter.com/iotatoken,https://www.reddit.com/r/iota/
IOU,IOU1,77286,False,,
IPC,ImperialCoin,182396,False,,
IRL,IrishCoin,660438,False,,
ISL,IslaCoin,6094,False,,
ITC,IoT Chain,597629,False,,
ITNS,IntenseCoin,522090,False,,
ITT,Intelligent Trading Technologies,232678,False,,
IVZ,InvisibleCoin,20679,False,,
IW,iWallet,34334,False,,
IWT,IwToken,232556,False,,
IXC,IXcoin,4541,False,,
IXT,iXledger,141171,True,https://twitter.com/iXledgertech,
J,JoinCoin,5335,True,https://twitter.com/Joincoin_Team,
JANE,JaneCoin,44955,False,,
JBS,JumBucks Coin,4542,True,https://twitter.com/getjumbucks,
JCR,Jincor,364747,False,,
JDC,JustDatingSite,232607,False,,
JET,Jetcoin,666891,False,,
JIF,JiffyCoin,30177,False,,
JINN,Jinn,675359,False,,
JIO,JIO Token,34332,False,,
JKC,JunkCoin,4543,False,,
JNS,Janus,34440,False,,
JNT,Jibrel Network Token,400702,False,,
JOBS,JobsCoin,29762,False,,
JOK,JokerCoin,42101,False,,
JPC,JackPotCoin,5333,False,,
JPC*,J Coin,371902,True,https://twitter.com/ProjectJ2017,
JUDGE,JudgeCoin,4544,True,https://twitter.com/JudgeCoin,
JVY,Javvy,331207,False,,
JWL,Jewels,27674,True,https://twitter.com/JewelsCoin,
KAPU,Kapu,305047,False,,
KARM,Karmacoin,16127,False,,
KAT,KATZcoin,21224,False,,
KAYI,Kayı,57705,False,,
KBR,Kubera Coin,674980,True,,
KC,Kernalcoin,35230,False,,
KCN,Kencoin,205967,False,,
KCS,Kucoin,348628,False,,
KDC,Klondike Coin,4545,False,,
KED,Klingon Empire Darsek,42435,False,,
KEK,KekCoin,368743,False,,
KEX,KexCoin,234766,False,,
KEY,KeyCoin,4546,True,https://twitter.com/KeyCoinTeam,
KEY*,SelfKey,360299,False,,
KGC,KrugerCoin,4547,False,,
KICK,KickCoin,202849,True,https://twitter.com/KICKICOplatform,https://www.reddit.com/r/KickICO/
KIN,Kin,177918,False,,
KING,King93,196560,False,,
KLC,KiloCoin,33405,False,,
KLK,Kalkulus,517193,False,,
KMD,Komodo,26132,True,https://twitter.com/komodoplatform,
KNC,Kyber Network,310497,True,https://twitter.com/KyberNetwork,
KNC*,Khancoin,20211,False,,
KNC**,KingN Coin,402805,False,,
KOBO,KoboCoin,3642,True,https://twitter.com/kobocoindev,https://www.reddit.com/r/Kobocoin/
KOLION,Kolion,339431,False,,
KORE,Kore,5318,True,https://twitter.com/NewKoreCoin,
KR,Krypton,20822,True,https://twitter.com/covertress,
KRAK,Kraken,23741,False,,
KRB,Karbowanec,28154,False,,
KRC,KRCoin,30379,False,,
KRONE,Kronecoin,247703,False,,
KTK,KryptCoin,5311,True,https://twitter.com/KryptKoin,
KUBO,KubosCoin,22262,False,,
KURT,Kurrent,34602,False,,
KUSH,KushCoin,42687,False,,
KZ,KZCash,675995,False,,
LA,LAToken,184163,True,https://twitter.com/LATokens,
LAB,Labrys,405343,False,,
LAB*,CoinWorksCoin,4548,False,,
LANA,LanaCoin,30544,False,,
LAT,Latium,237269,True,https://twitter.com/latiumcoin,
LAZ,Lazarus,28700,False,,
LBC,LBRY Credits,23432,True,https://twitter.com/LBRYio,https://www.reddit.com/r/lbry/
LBTC,LiteBitcoin,247246,False,,
LC,Lutetium Coin,25916,False,,
LCASH,LitecoinCash,378830,False,,
LCP,Litecoin Plus,667139,False,,
LDM,Ludum token,409363,False,,
LDOGE,LiteDoge,5339,True,https://twitter.com/LiteDoge,
LEA,LeaCoin,30117,False,,
LEMON,LemonCoin,21641,False,,
LEND,EthLend,418778,True,https://twitter.com/ethlend1,
LENIN,LeninCoin,40992,False,,
LEO,LEOcoin,33001,False,,
LEPEN,LePenCoin,43602,False,,
LEV,Leverj,332804,False,,
LFC,BigLifeCoin,30388,False,,
LGBTQ,LGBTQoin,21215,False,,
LGD,Legends Cryptocurrency,66259,True,https://twitter.com/legendsroom,
LGD*,Legendary Coin,4549,False,,
LIFE,LIFE,381189,True,https://twitter.com/LIFElabsHQ,
LIMX,LimeCoinX,4354,True,,
LINDA,Linda,196541,False,,
LINK,ChainLink,309621,True,,
LINX,Linx,253667,False,,
LIR,Let it Ride,23423,False,,
LIV,LiviaCoin,33271,False,,
LK7,Lucky7Coin,4550,False,,
LKK,Lykke,130939,False,,
LKY,LuckyCoin,4551,False,,
LMC,LomoCoin,70469,True,,
LNC,BlockLancer,223246,False,,
LNK,Ethereum.Link,238622,False,,
LOAN*,Lendoit,363006,False,,
LOC,Loco,36988,True,,
LOC*,LockChain,517896,True,https://twitter.com/LockChainCo,
LOCI,LociCoin,404890,False,,
LOG,Wood Coin,6454,False,,
LOOK,LookCoin,36984,False,,
LQD,Liquid,22422,True,https://twitter.com/tech_liquid,
LRC,Loopring,318169,True,https://twitter.com/loopringorg,
LSD,LightSpeedCoin,4552,False,,
LSK,Lisk,19745,True,https://twitter.com/LiskHQ ,https://www.reddit.com/r/Lisk/
LTA,Litra,234526,False,,
LTB,Litebar ,4553,False,,
LTBC,LTBCoin,5369,True,https://twitter.com/ltbcoin,
LTC,Litecoin,3808,True,https://twitter.com/litecoin,https://www.reddit.com/r/litecoin/
LTCD,LitecoinDark,4554,True,,
LTCR,LiteCreed,38370,False,,
LTCU,LiteCoin Ultra,531408,False,,
LTCX,LitecoinX,4555,False,,
LTD,Limited Coin,38030,False,,
LTG,LiteCoin Gold,409422,False,,
LTH,Lathaan,28885,False,,
LTS,Litestar Coin,7600,False,,
LUCK,Luckbox,680484,False,,
LUCKY,LuckyBlocks (LUCKY),32875,False,,
LUN,Lunyr,67447,True,https://twitter.com/LunyrInc,https://www.reddit.com/r/lunyr/
LUX,LUXCoin,351720,True,https://twitter.com/LUX_Coin,
LUX*,BitLux,6341,False,,
LUX**,Luxmi Coin,536278,False,,
LVG,Leverage Coin,38312,False,,
LWF,Local World Forwarders,677648,False,,
LXC,LibrexCoin,4556,True,https://twitter.com/LibrexCoin,
LYB,LyraBar,13281,True,https://twitter.com/LyraBar,
LYC,LycanCoin,4557,False,,
M1,SupplyShock,6115,True,https://twitter.com/SupplyShock,
MAC,MachineCoin,41962,False,,
MAD,SatoshiMadness,131079,False,,
MAG,Magnet,404752,False,,
MAG*,Magos,235993,False,,
MAID,MaidSafe Coin,5293,True,https://twitter.com/maidsafe,https://www.reddit.com/r/maidsafe/
MAN,People,446051,False,,
MANA,Decentraland,199148,True,https://twitter.com/decentraland,
MAPC,MapCoin,12223,True,https://twitter.com/mapcoinofficial,
MAR,MarijuanaCoin,43814,False,,
MARS,MarsCoin ,6109,False,,
MARV,Marvelous,22428,False,,
MARX,MarxCoin,43818,False,,
MARYJ,MaryJane Coin,5363,True,,
MASS,Mass.Cloud,184135,False,,
MAT,MiniApps,320036,False,,
MAT*,Manet Coin,108094,False,,
MAX,MaxCoin,4558,True,https://twitter.com/maxcoinproject,
MAY,Theresa May Coin,348094,False,,
MBI,Monster Byte Inc,180539,False,,
MBIT,Mbitbooks,55547,False,,
MBRS,Embers,221350,False,,
MBT,Multibot,330003,False,,
MC,Mass Coin,27594,False,,
MCAP,MCAP,131154,True,,
MCAR,MasterCar,45612,False,,
MCI,Musiconomi,338415,False,,
MCN,MonetaVerde,7636,True,https://twitter.com/MonetaVerde,
MCO,Monaco,166548,True,https://twitter.com/monaco_card,
MCRN,MacronCoin,67430,False,,
MDA,Moeda,341279,True,https://twitter.com/moedabanking,https://www.reddit.com/r/MoedaBanking/
MDC,MedicCoin,28128,False,,
MDC*,MadCoin,373980,False,,
MDL,Modulum,364051,False,,
MDS,MediShares,667050,False,,
MDT,Midnight ,33004,False,,
MEC,MegaCoin,4559,True,https://twitter.com/mega_coin,
MED,MediterraneanCoin,4560,False,,
MED*,MediBloc,542140,False,,
MEDI,MediBond,233044,False,,
MEGA,MegaFlash,33393,True,,
MEME,Pepe,20825,True,https://twitter.com/pepecoins,
MEOW,Kittehcoin,431370,False,,
MER,Mercury,61138,True,https://twitter.com/darcrus,
MET,Memessenger,221605,False,,
METAL,MetalCoin,5373,True,,
MG,Mind Gene,29001,False,,
MGN,MagnaCoin,675758,False,,
MGO,MobileGo,55650,False,,
MI,XiaoMiCoin,12225,False,,
MIL,Milllionaire Coin,7581,True,https://twitter.com/MilCoin,
MILO,MiloCoin,74924,False,,
MIN,Minerals Coin,4561,True,https://twitter.com/Minerals_dev,
MINE,Instamine Nuggets,5379,True,https://twitter.com/InstaMineNugget,
MINEX,Minex,235021,False,,
MINT,MintCoin,4562,True,https://twitter.com/MintcoinTeam,
MIS,MIScoin,37190,False,,
MIV,MakeItViral,177759,False,,
MKR,Maker,41192,False,,
MLITE,MeLite,49600,False,,
MLN,Melon,45253,True,https://twitter.com/melonport,https://www.reddit.com/r/melonproject/
MLS,CPROP,234707,True,https://twitter.com/cryptoproperty,
MM,MasterMint,44959,False,,
MMC,MemoryCoin,5389,True,,
MMNXT,MMNXT ,23425,True,,
MMXIV,MaieutiCoin,5326,True,https://twitter.com/PurePoS,
MMXVI,MMXVI,36992,False,,
MN,Cryptsy Mining Contract,4563,False,,
MNC,MinCoin,4564,False,,
MND,MindCoin,15888,True,https://twitter.com/MindCoinCrypto,
MNE,Minereum,84831,True,https://twitter.com/minereumtoken,
MNM,Mineum,20905,False,,
MNT,GoldMint,240322,False,,
MNT*,Media Network Coin,521417,False,,
MNX,MinexCoin,389849,False,,
MNY,Monkey,208001,False,,
MNZ,Monaize,341059,False,,
MOBI,Mobius,202706,False,,
MOD,Modum,345510,True,https://twitter.com/modum_io,
MOIN,MoinCoin,20744,False,,
MOJO,Mojocoin,21232,False,,
MONA,MonaCoin,5296,True,,
MONETA,Moneta,30364,False,,
MONEY,MoneyCoin,35681,False,,
MONK,Monkey Project,675134,False,,
MOON,MoonCoin,4346,False,,
MOOND,Dark Moon,28774,False,,
MOTO,Motocoin,41592,False,,
MPRO,MediumProject,21222,False,,
MRP,MorpheusCoin,6412,False,,
MRS,MarsCoin,5410,True,https://twitter.com/marscoinorg,
MRSA,MrsaCoin,41116,False,,
MRT,MinersReward,75475,False,,
MRV,Macroverse,221349,True,https://twitter.com/MacroverseMRV,
MRY,MurrayCoin,4566,False,,
MSC,MasterCoin,5394,True,https://twitter.com/MSCProtocol,
MSP,Mothership,198408,True,https://twitter.com/MothershipCX,
MSR,Masari,382536,False,,
MST,MustangCoin,28219,False,,
MT,Mycelium Token,29378,False,,
MTH,Monetha,208914,True,https://twitter.com/Monetha_io,https://www.reddit.com/r/Monetha/
MTK,Moya Token,319238,False,,
MTL,Metal,179164,True,https://twitter.com/metalpaysme,
MTLM3,Metal Music v3,34754,False,,
MTN,TrackNetToken,313967,False,,
MTR,MasterTraderCoin,5340,True,https://twitter.com/MTRDevelopers,
MTRC,ModulTrade,484742,False,,
MTX,Matryx,257110,False,,
MUDRA,MudraCoin,25820,False,,
MUE,MonetaryUnit,22325,True,https://twitter.com/MonetaryUnit,
MUSIC,Musicoin,53950,True,https://twitter.com/musicoins,
MUT,Mutual Coin,431229,False,,
MUU,MilkCoin,84247,False,,
MWC,MultiWallet Coin,6107,True,https://twitter.com/MultiWalletCoin,
MXT,MartexCoin,53944,False,,
MYB,MyBit,179345,True,https://twitter.com/MyBit_DApp,
MYC,MayaCoin,20661,False,,
MYST,Mysterium,136190,True,,
MYST*,MysteryCoin,4567,False,,
MZC,MazaCoin,4568,True,https://twitter.com/MazaCoin,
N7,Number7,21017,False,,
NAMO,NamoCoin,348289,False,,
NAN,NanoToken,4569,False,,
NANAS,BananaBits,6453,True,https://twitter.com/bananabitscoin,
NAS,Nebulas,619555,False,,
NAS2,Nas2Coin,16717,False,,
NAUT,Nautilus Coin,4570,True,https://twitter.com/Nautiluscoin,https://www.reddit.com/r/nautiluscoin/
NAV,NavCoin,4571,True,https://twitter.com/NavCoin,
NBIT,NetBit,32688,False,,
NBL,Nybble,4572,False,,
NBT,NuBits,5287,True,https://twitter.com/OfficialNuBits,https://www.reddit.com/r/NuBits/
NDC,NeverDie,188787,True,https://twitter.com/nevereverdie,
NDOGE,NinjaDoge,45044,False,,
NEBL,Neblio,222085,True,https://twitter.com/NeblioTeam,
NEBU,Nebuchadnezzar,20980,False,,
NEC,NeoCoin,4573,False,,
NEF,NefariousCoin,112405,False,,
NEO,NEO,27368,True,https://twitter.com/neo_blockchain,https://www.reddit.com/r/NEO/
NEOG,NEO Gold,370947,False,,
NEOS,NeosCoin,5370,True,https://twitter.com/NeosCoin,
NET,NetCoin,4574,True,https://twitter.com/NetcoinNET,
NET*,Nimiq Exchange Token,176669,True,https://twitter.com/nimiq,https://www.reddit.com/r/Nimiq/
NETC,NetworkCoin,20647,False,,
NETKO,Netko,53174,False,,
NEU,Neumark,372377,True,https://twitter.com/neufundorg,https://www.reddit.com/r/neufund/
NEU*,NeuCoin,13044,False,,
NEVA,NevaCoin,21669,False,,
NEWB,Newbium,380794,False,,
NGC,NagaCoin,466339,True,https://twitter.com/thenagaico,https://www.reddit.com/r/thenagaico/
NIC,NewInvestCoin,35947,False,,
NICE,NiceCoin,43253,False,,
NIMFA,Nimfamoney,234596,False,,
NIO,Autonio,412112,False,,
NKA,IncaKoin,7559,False,,
NKC,Nukecoinz,21710,False,,
NKT,NakomotoDark,5334,True,https://twitter.com/nakamotodark,
NLC,NoLimitCoin,29010,False,,
NLC2,NoLimitCoin,195018,False,,
NLG,Gulden,5315,True,https://twitter.com/guldencoin,
NMB,Nimbus Coin,4575,False,,
NMC,NameCoin,4580,True,https://twitter.com/Namecoin,https://www.reddit.com/r/Namecoin/
NMR,Numerai,166594,True,https://twitter.com/numerai,
NMS,Numus,607521,False,,
NOBL,NobleCoin,4577,True,https://twitter.com/NobleCoin,
NODE,Node,5402,False,,
NOO,Noocoin,41971,True,https://twitter.com/noocoin,
NOTE,Dnotes,5322,True,https://twitter.com/DNotesCoin,https://www.reddit.com/r/DNotes/
NPC,NPCcoin,34491,False,,
NPX,Napoleon X,187015,False,,
NRB,NoirBits,4576,False,,
NRC,Neurocoin,44001,False,,
NRN,Doc.ai Neuron,307406,False,,
NRO,Neuro,447315,False,,
NRS,NoirShares,4578,False,,
NSR,NuShares,5295,True,https://twitter.com/OfficialNuBits,
NTC,NineElevenTruthCoin,29366,False,,
NTCC,NeptuneClassic,41819,False,,
NTK,Neurotoken,439180,False,,
NTM,NetM,338156,False,,
NTO,Fujinto,339406,True,https://twitter.com/FUJINTO_,
NTRN,Neutron,5301,True,https://twitter.com/Neutron_Crypto,
NTWK,Network Token,616932,False,,
NUBIS,NubisCoin,30393,False,,
NUKE,NukeCoin,44799,False,,
NULS,Nuls,377792,True,https://twitter.com/nulsservice,https://www.reddit.com/r/nulsservice/
NUM,NumbersCoin,20583,False,,
NVC,NovaCoin,4579,False,,
NVST,NVO,178885,False,,
NXC,Nexium,35678,True,https://twitter.com/BeyondVoidGame,
NXE,NXEcoin,22240,False,,
NXS,Nexus,6103,True,https://twitter.com/NxsEarth,
NXT,Nxt,1183,True,https://twitter.com/nxtcommunity,https://www.reddit.com/r/NXT/
NXTI,NXTI,3650,True,,
NXTTY,NXTTY,5360,False,,
NYAN,NyanCoin,4581,False,,
NYC,NewYorkCoin,247232,False,,
NZC,NewZealandCoin,24892,False,,
OAX,OpenANX,180013,True,https://twitter.com/OAX_Foundation,
OBITS,Obits Coin,15323,False,,
OBS,Obscurebay,22177,False,,
OC,OrangeCoin,5357,True,https://twitter.com/Orangecoins,
OCL,Oceanlab,214738,False,,
OCTO,OctoCoin,5393,True,https://twitter.com/theoctoparty,
ODMC,ODMCoin,357404,False,,
ODN,Obsidian,319075,True,https://twitter.com/ObsidianCrypto,
ODNT,Old Dogs New Tricks,34847,False,,
OK,OKCash,17857,True,https://twitter.com/OKCashCrypto,
OLDSF,OldSafeCoin,20640,False,,
OLV,OldV,75285,False,,
OLYMP,OlympCoin,29715,False,,
OMA,OmegaCoin,22280,False,,
OMC,OmniCron,5365,True,https://twitter.com/gladimorcrypto,
OMG,OmiseGo,187440,True,https://twitter.com/omise_go,https://www.reddit.com/r/omise_go/
OMGC,OmiseGO Classic,638142,False,,
OMNI,Omni,22441,True,https://twitter.com/Omni_layer,https://www.reddit.com/r/omni/
ONG,onG.social,428300,False,,
ONION,DeepOnion,198967,False,,
ONX,Onix,201676,False,,
OPAL,OpalCoin,4582,True,https://twitter.com/OpalCoinTeam,
OPES,Opes,42850,False,,
OPP,Opporty,323787,False,,
OPT,Opus,197054,True,https://twitter.com/opusfoundation,
OPTION,OptionCoin,37749,False,,
ORB,Orbitcoin,4583,True,https://twitter.com/OrBitcoinLove,
ORE,Galactrum,645766,False,,
ORLY,OrlyCoin,22258,False,,
ORME,Ormeus Coin,301112,True,https://twitter.com/ormeuscoin,
ORO,OroCoin,45262,False,,
OROC,Orocrypt,180001,False,,
OS76,OsmiumCoin,41122,False,,
OSC,OpenSourceCoin,4584,False,,
OST,SimpleToken,369132,True,https://twitter.com/TheSimpleToken,
OTN,Open Trading Network,370726,True,https://twitter.com/OTNcoin,https://www.reddit.com/r/Open_Trading_Network/
OTX,Octanox,188294,True,https://twitter.com/OctanoxPlatform,
OXY,Oxycoin,242873,False,,
PAC,PacCoin,44003,False,,
PAK,Pakcoin,17006,False,,
PARA,ParanoiaCoin,44957,False,,
PART,Particl,191116,True,https://twitter.com/particlproject,https://www.reddit.com/r/particl/
PASC,Pascal Coin,40811,True,https://twitter.com/PascalCoin,
PASL,Pascal Lite,50754,False,,
PAY,TenX,45260,True,https://twitter.com/tenxwallet,https://www.reddit.com/r/TenX/
PAYP,PayPeer,40842,False,,
PBC,PabyosiCoin,22171,False,,
PBL,Publica,402980,False,,
PBT,Primalbase,84232,False,,
PCM,Procom,35228,False,,
PCN,PeepCoin,486886,False,,
PCS,Pabyosi Coin,32686,False,,
PDC,Project Decorum,22352,True,,
PEC,PeaceCoin,30423,False,,
PEN,PenCoin,33127,True,,
PEPECASH,Pepe Cash,42663,False,,
PEX,PosEx,33010,False,,
PFR,PayFair,409155,False,,
PGL,Prospectors,222125,False,,
PHILS,PhilsCurrency,645913,False,,
PHO,Photon,608140,False,,
PHR,Phreak,77337,False,,
PHR*,Phore,377831,False,,
PHS,PhilosophersStone,4585,False,,
PIE,Persistent Information Exchange,45832,False,,
PIGGY,Piggy Coin,7577,True,https://twitter.com/piggycoin,
PING,CryptoPing,177503,True,https://twitter.com/cryptoping,
PINK,PinkCoin,5374,True,https://twitter.com/Pinkcoin_,
PINKX,PantherCoin,29193,False,,
PIO,Pioneershares,28342,False,,
PIRL,Pirl,355019,False,,
PIVX,Private Instant Verified Transaction,42433,True,https://twitter.com/_pivx,https://www.reddit.com/r/pivx/
PIX,Lampix,223283,True,https://twitter.com/lampix_co,https://www.reddit.com/r/Lampix/
PIZZA,PizzaCoin,25830,False,,
PKB,ParkByte,8764,True,https://twitter.com/ParkByte_PKB,
PKT,Playkey,344086,False,,
PLANET,PlanetCoin,56654,False,,
PLAY,HEROcoin,369251,False,,
PLBT,Polybius,171884,True,https://twitter.com/PolybiusBank,
PLM,Algo.Land,314331,False,,
PLNC,PLNCoin,34493,False,,
PLR,Pillar,184298,True,https://twitter.com/PillarWallet,
PLU,Pluton,42837,True,https://twitter.com/PlutusIT,
PLX,PlexCoin,412081,False,,
PMA,PumaPay,661398,False,,
PNC,PlatiniumCoin,33873,False,,
PND,PandaCoin,37366,True,https://twitter.com/PandaCoinPND,https://www.reddit.com/r/therealpandacoin/
PNK,SteamPunk,28772,False,,
PNX,PhantomX,586567,False,,
POE,Po.et,188811,True,https://twitter.com/_poetproject,https://www.reddit.com/r/poetproject/
POINTS,Cryptsy Points,4586,False,,
POLIS,PolisPay,653274,False,,
POLL,ClearPoll,319130,True,https://twitter.com/voteclearpoll,
POLY,PolyBit,7567,False,,
POP,PopularCoin,586409,False,,
POS,PoSToken,370825,False,,
POST,PostCoin,20444,False,,
POSW,PoSWallet,35030,False,,
POT,PotCoin,4587,True,https://twitter.com/PotCoin,
POWR,Power Ledger,339617,True,https://twitter.com/PowerLedger_io,
PPC,PeerCoin,2349,True,https://twitter.com/peercoinppc,https://www.reddit.com/r/peercoin/
PPP,PayPie,327500,False,,
PPT,Populous,179896,True,https://twitter.com/bitpopulous,
PPY,Peerplays,29348,False,,
PQT,PAquarium,179077,True,https://twitter.com/PAquariumCOM,
PRC,ProsperCoin,3638,True,https://twitter.com/prospercoin,https://www.reddit.com/r/prospercoin/
PRE,Premium,30024,True,https://twitter.com/PremiumCoinDev,
PRE*,Presearch,186331,True,https://twitter.com/decentralsearch,
PRES,President Trump,42841,False,,
PRG,Paragon,225764,True,https://twitter.com/ParagonCoin,https://www.reddit.com/r/ParagonCoin/
PRIME,PrimeChain,20814,True,,
PRIX,Privatix,257772,False,,
PRL,Oyster Pearl,429355,False,,
PRM,PrismChain,20304,False,,
PRO,Propy,185695,True,https://twitter.com/PropyInc,
PROC,ProCurrency,71334,False,,
PRP,Papyrus,304147,False,,
PRX,Printerium,43998,False,,
PSB,PesoBit,29041,False,,
PSEUD,PseudoCash,4588,False,,
PSI,PSIcoin,29004,False,,
PST,Primas,255777,False,,
PSY,Psilocybin,24871,False,,
PTA,PentaCoin,39698,False,,
PTC,PesetaCoin,5317,True,https://twitter.com/oPesetaCoin,
PTC*,Propthereum,340872,False,,
PTOY,Patientory,129035,True,https://twitter.com/Patientory,
PTS*,Protoshares,4589,True,https://twitter.com/protoshares,
PULSE,Pulse,21012,False,,
PUPA,PupaCoin,78172,False,,
PURA,Pura,374031,False,,
PURE,Pure,370535,False,,
PUT,PutinCoin,23737,False,,
PWR,PowerCoin,20236,False,,
PX,PXcoin,37370,False,,
PXC,PhoenixCoin,4590,False,,
PXI,Prime-X1,15274,True,https://twitter.com/OfficialPXI,
PXL,Phalanx,20580,False,,
PYC,PayCoin,4591,False,,
PYN,Paycentos,304833,False,,
PYP,PayPro,491325,False,,
PZM,Prizm,77306,False,,
Q2C,QubitCoin,638297,False,,
QASH,Quoine Liquid,402714,True,https://twitter.com/QUOINE_SG,
QAU,Quantum,170958,True,https://twitter.com/QAUProject,
QBC,Quebecoin,38371,False,,
QBK,QuBuck Coin,5361,True,https://twitter.com/QibuckCoin,
QBT,Cubits,59317,False,,
QCN,Quazar Coin,7650,True,https://twitter.com/QuazarCoin,
QLC,QLINK,637681,False,,
QORA,QoraCoin,5314,True,https://twitter.com/qoracoin,
QRK,QuarkCoin,4351,False,,
QRL,Quantum Resistant Ledger,127667,True,https://twitter.com/QRLedger,
QSLV,Quicksilver coin,6095,True,https://twitter.com/Quicksilver_Dev,
QSP,Quantstamp,397757,True,https://twitter.com/Quantstamp,https://www.reddit.com/r/Quantstamp/
QTL,Quatloo,4349,True,https://twitter.com/quatloocoin,
QTUM,QTUM,112392,True,https://twitter.com/QtumOfficial,https://www.reddit.com/r/Qtum/
QTZ,Quartz,7595,True,https://twitter.com/QuartzCurrency,
QVT,Qvolta,205980,True,https://twitter.com/Qvolta_platform,https://www.reddit.com/r/qvoltaexchange/
QWARK,Qwark,116425,True,,
R,Revain,345420,False,,
RADI,RadicalCoin,39707,False,,
RADS,Radium,15870,True,https://twitter.com/ProjectRadium,
RAIN,Condensate,67462,False,,
RATIO,Ratio,43046,False,,
RBIES,Rubies,20320,False,,
RBIT,ReturnBit,26121,False,,
RBR,Ribbit Rewards,5399,True,https://twitter.com/RibbitRewards,
RBT,Rimbit,8695,False,,
RBTC,Bitcoin Revolution,491479,False,,
RBX,RiptoBuX,73143,False,,
RBY,RubyCoin,5316,True,https://twitter.com/RubyCoinOrg,https://www.reddit.com/r/rubycoin/
RC,Russiacoin,37361,False,,
RCC,Reality Clash,196591,False,,
RCN,Ripio,307219,True,https://twitter.com/RCN_token,
RCN*,RCoin,29374,False,,
RCX,RedCrowCoin,20218,False,,
RDD,ReddCoin,4592,True,https://twitter.com/reddcoin,
RDN,RadonPay,6098,False,,
RDN*,Raiden Network,372369,True,https://twitter.com/raiden_network,
REA,Realisto,362039,False,,
REAL,REAL,198490,False,,
REBL,Rebellious,370889,False,,
REC,Regalcoin,322013,False,,
RED,Redcoin,79864,False,,
REE,ReeCoin,22418,False,,
REM,REMME,625010,False,,
REP,Augur,17778,True,https://twitter.com/AugurProject,https://www.reddit.com/r/Augur/
REQ,Request Network,335059,True,https://twitter.com/RequestNetwork,
REV,Revenu,22169,False,,
REX,REX,310589,False,,
RFL,RAFL,436162,False,,
RGC,RG Coin,345065,False,,
RHEA,Rhea,311516,False,,
RHOC,RChain,434666,False,,
RIC,Riecoin,4352,True,https://twitter.com/riecoin,
RICE,RiceCoin,78190,False,,
RIDE,Ride My Car,42344,False,,
RING,RingCoin,28657,False,,
RIPO,RipOffCoin,4593,False,,
RIPT,RiptideCoin,398126,False,,
RISE,Rise,22015,True,https://twitter.com/RiseVisionTeam,
RIYA,Etheriya,238571,False,,
RKC,Royal Kingdom Coin,194924,True,https://twitter.com/RKC_ICO,
RLC,iEx.ec,61877,True,https://twitter.com/iEx_ec,https://www.reddit.com/r/iexec/
RLX,Relex,441616,False,,
RMC,Russian Mining Coin,381323,False,,
RMS,Resumeo Shares,29928,False,,
RNC,ReturnCoin,39710,False,,
RNDR,Render Token,348131,False,,
RNS,RenosCoin,57471,False,,
ROCK,Ice Rock Mining,323817,False,,
ROCK*,RocketCoin ,384950,False,,
ROK,Rockchain,336556,False,,
ROOT,RootCoin,28326,True,,
ROOTS,RootProject,194906,True,https://twitter.com/RootProjectCo,
ROS,ROS Coin,5380,True,https://twitter.com/roscoin,
ROUND,RoundCoin,43604,False,,
ROYAL,RoyalCoin,30386,False,,
RPC,RonPaulCoin,4594,False,,
RPX,Red Pulse,341267,False,,
RRT,Recovery Right Tokens,30020,True,,
RT2,RotoCoin,4595,False,,
RUBIT,Rublebit,30369,False,,
RUP,Rupee,345801,False,,
RUPX,Rupaya,372608,False,,
RUST,RustCoin,24887,False,,
RUSTBITS,Rustbits,310553,False,,
RVT,Rivetz,176280,True,https://twitter.com/rivetzcorp,
RYC,RoyalCoin,4596,False,,
RYCN,RoyalCoin 2.0,32548,False,,
RYZ,Anryze,339804,False,,
RZR,RazorCoin,4597,True,https://twitter.com/RazorCoin,
S8C,S88 Coin,38310,False,,
SAFEX,SafeExchangeCoin,20594,True,https://twitter.com/safe_exchange,
SAGA,SagaCoin,659724,False,,
SAK,SharkCoin,22268,False,,
SALT,Salt Lending,314580,True,https://twitter.com/SaltLending,
SAN,Santiment,177863,True,https://twitter.com/santimentfeed,
SAND,BeachCoin,188652,False,,
SANDG,Save and Gain,28770,False,,
SAR,SARCoin,20215,True,https://twitter.com/sarcoin,
SAT2,Saturn2Coin,4598,False,,
SBC,StableCoin,4599,False,,
SBD,Steem Backed Dollars,23728,True,,
SBTC,Super Bitcoin,516982,True,https://twitter.com/SuperBTC2,
SC,Siacoin,13072,True,https://twitter.com/NebulousLabs,https://www.reddit.com/r/siacoin/
SCASH,SpaceCash,34225,False,,
SCL,Social Nexus,255254,True,https://twitter.com/nexus_socials,
SCN,Swiscoin,28880,False,,
SCOR,Scorista,234659,False,,
SCORE,Scorecoin,187431,False,,
SCOT,Scotcoin,20342,True,https://twitter.com/ScotcoinProject,
SCR,Scorum,393742,False,,
SCRPT,ScryptCoin,23429,False,,
SCRT,SecretCoin,21760,True,https://twitter.com/SecretCoinDevs,
SCT,ScryptToken,30536,False,,
SCT*,Soma,348278,False,,
SDAO,Solar DAO,203183,False,,
SDC,ShadowCash,4600,True,https://twitter.com/SDCoin,https://www.reddit.com/r/ShadowCash/
SDP,SydPakCoin,30019,False,,
SDRN,Sanderon,674829,False,,
SEEDS,SeedShares,35027,False,,
SEL,SelenCoin,41967,False,,
SEN,Sentaro,28778,False,,
SEND,Social Send,449573,False,,
SENSE,Sense Token,305252,False,,
SEQ,Sequence,131112,True,https://twitter.com/dualitychain,
SET,Setcoin,675692,False,,
SETH,Sether,419209,False,,
SFC,Solarflarecoin,44952,False,,
SFE,Safecoin,30169,False,,
SFR,SaffronCoin,4601,True,https://twitter.com/sfrcoin,
SGR,Sugar Exchange,661777,False,,
SH,Shilling,28890,False,,
SHADE,ShadeCoin,4602,False,,
SHIFT,Shift,38307,True,https://twitter.com/ShiftNrg,https://www.reddit.com/r/ShiftNrg/
SHLD,ShieldCoin,4603,False,,
SHND,StrongHands,659488,False,,
SHORTY,ShortyCoin,35226,False,,
SHP,Sharpe Capital,364472,False,,
SHREK,ShrekCoin,21907,False,,
SIB,SibCoin,20745,True,https://twitter.com/AeonCoin,
SIFT,Smart Investment Fund Token,229420,False,,
SIGT,Signatum,200941,False,,
SIGU,Singular,6112,True,https://twitter.com/Gosigu,
SILK,SilkCoin,4604,True,https://twitter.com/Silk_coin,
SJCX,StorjCoin,5288,True,https://twitter.com/storjproject,https://www.reddit.com/r/storj/
SKB,SkullBuzz,6099,False,,
SKIN,Skincoin,198369,True,https://twitter.com/skincoin_org,
SKR,Sakuracoin,385866,False,,
SKR*,Skrilla Token,304605,False,,
SKY,Skycoin,136269,False,,
SLG,SterlingCoin,4605,True,https://twitter.com/SterlingcoinSLG,
SLING,Sling Coin,5302,True,,
SLM,SlimCoin,5382,False,,
SLR,SolarCoin,5349,True,https://twitter.com/SolarCoin_SLR,
SLS,SaluS,20681,True,,
SMAC,Social Media Coin,5350,True,https://twitter.com/SMACteam,
SMART,SmartCash,199901,True,https://twitter.com/scashofficial,https://www.reddit.com/r/smartcash/
SMART*,SmartBillions,617177,False,,
SMC,SmartCoin,4606,False,,
SMF,SmurfCoin,43257,False,,
SMLY,SmileyCoin,8694,False,,
SMNX,SMNX,218221,False,,
SMSR,Samsara Coin,28650,False,,
SMT,Social Media Market,344097,False,,
SMT*,SmartMesh,524113,False,,
SNC,SunContract,179926,True,https://twitter.com/sun_contract,
SND,Sandcoin,314865,False,,
SNGLS,SingularDTV,24926,True,https://twitter.com/SingularDTV,https://www.reddit.com/r/SingularDTV/
SNK,Sosnovkino,196612,False,,
SNM,SONM,136244,True,https://twitter.com/sonmdevelopment,https://www.reddit.com/r/SONM/
SNOV,Snovio,311853,False,,
SNRG,Synergy,8825,True,https://twitter.com/SynergyCoin,
SNS,Sense,28027,False,,
SNT,Status Network Token,137013,True,https://twitter.com/ethstatus,
SOAR,Soarcoin,388145,False,,
SOCC,SocialCoin,183189,False,,
SOIL,SoilCoin,20685,True,https://twitter.com/SOILcoin,https://www.reddit.com/r/SOILcoin/
SOJ,Sojourn Coin,237385,False,,
SOLE,SoleCoin,4607,False,,
SONG,Song Coin,8682,False,,
SOON,SoonCoin,5403,True,,
SOUL,SoulCoin,20585,False,,
SP,Sex Pistols,33332,False,,
SPA,SpainCoin,4608,False,,
SPACE,SpaceCoin,22410,False,,
SPANK,SpankChain,411496,False,,
SPC,SpinCoin,7624,False,,
SPEC,SpecCoin,8716,False,,
SPF,SportyFi,639943,True,https://twitter.com/sportyfi_io,
SPHR,Sphere Coin,6111,True,https://twitter.com/ProjectSPHR,
SPHTX,SophiaTX,379248,False,,
SPK,Sparks,645791,False,,
SPKTR,Ghost Coin,41871,False,,
SPM,Supreme,21229,False,,
SPN,Spoon,196549,False,,
SPORT,SportsCoin,29200,False,,
SPOTS,Spots,20205,False,,
SPR,Spreadcoin,3649,True,,
SPRTS,Sprouts,8761,True,https://twitter.com/SproutCoin,
SPT,Spots,4609,False,,
SPX,Specie,23435,False,,
SQL,Squall Coin,7565,True,https://twitter.com/squallcoin,
SQP,SqPay,237448,False,,
SRC,SecureCoin,4611,False,,
SRC*,StarCredits,59966,False,,
SRN,SirinLabs,380641,False,,
SRT,Scrypto,248243,False,,
SSD,Sonic Screw Driver Coin,5320,True,https://twitter.com/SonicScrewDev,
SSTC,SunShotCoin,20644,False,,
SSV,SSVCoin,4613,False,,
STA,Starta,150519,False,,
STA*,Stakers,21981,False,,
STAC,StarterCoin,396716,False,,
STAK,Straks,536279,False,,
STALIN,StalinCoin,49605,False,,
STAR,Starbase,179947,True,https://twitter.com/starbaseco,
STAR*,StarCoin,21775,False,,
START,StartCoin,5289,True,https://twitter.com/start_coin,https://www.reddit.com/r/startcoin/
STCN,Stakecoin,237428,False,,
STEEM,Steem,20333,True,https://twitter.com/steemit,https://www.reddit.com/r/steemit/
STEPS,Steps,20724,True,,
STEX,STEX,404775,False,,
STH,SmartHoldem,486983,False,,
STHR,Stakerush,21833,False,,
STO,Save The Ocean,28025,False,,
STOCKBET,StockBet,313988,False,,
STORJ,Storj,187347,True,https://twitter.com/storjproject,https://www.reddit.com/r/storj/
STORM,Storm,186875,True,https://twitter.com/Storm_Token,
STP,StashPay,411271,False,,
STR*,StarCoin,8767,False,,
STRAT,Stratis,24294,True,https://twitter.com/stratisplatform,
STS,STRESScoin,21650,False,,
STU,BitJob,184237,True,https://twitter.com/BitJob_Team,
STV,Sativa Coin,5328,True,https://twitter.com/sativacoins,
STX,Stox,204716,True,https://twitter.com/stx_coin,https://www.reddit.com/r/STOX/
SUB,Substratum Network,221463,True,https://twitter.com/SubstratumNet,https://www.reddit.com/r/SubstratumNetwork/
SUB*,Subscriptio,100944,False,,
SUCR,Sucre,617055,False,,
SUMO,Sumokoin,310812,False,,
SUP,Supcoin,3645,True,https://twitter.com/SupCoin,
SUPER,SuperCoin,4615,True,https://twitter.com/CoinSuper ,
SUR,Suretly,177462,True,https://twitter.com/suretly_com,
SWARM,SwarmCoin,5342,True,https://twitter.com/SwarmCorp,
SWEET,SweetStake,30887,False,,
SWIFT,BitSwift,4616,True,https://twitter.com/Bit_Swift,
SWING,SwingCoin,20920,True,,
SWT,Swarm City Token,50741,True,,
SXC,SexCoin,4348,False,,
SYC,SynchroCoin,185873,False,,
SYMM,Symmetry Fund,652909,False,,
SYNC,SyncCoin,4617,True,https://twitter.com/synclub,
SYNX,Syndicate,27591,True,https://twitter.com/syndicate_ltd,
SYS,SysCoin,4618,True,https://twitter.com/syscoin,
TAAS,Token as a Service,66270,True,https://twitter.com/TaaSfund,
TAB,MollyCoin,27993,False,,
TAG,TagCoin,4619,False,,
TAGR,Think And Get Rich Coin,20652,False,,
TAJ,TajCoin,57750,False,,
TAK,TakCoin,4620,False,,
TAM,TamaGucci,6411,False,,
TAP,TappingCoin,81403,False,,
TAT,Tatiana Coin,43933,False,,
TAU,Lamden Tau,405291,False,,
TBCX,TrashBurn,45609,False,,
TCR,Thecreed,20441,False,,
TDFB,TDFB,28176,False,,
TEAM,TeamUP,30523,False,,
TEC,TeCoin,42106,False,,
TECH,TechCoin,43595,False,,
TEK,TekCoin,5298,False,,
TELL,Tellurion,28172,False,,
TENNET,Tennet,30421,False,,
TER,TerraNovaCoin,340067,False,,
TES,TeslaCoin,4622,True,https://twitter.com/TeslaCoins,
TESLA,TeslaCoilCoin,32873,False,,
TFL,True Flip Lottery,150545,True,https://twitter.com/TrueFlipLoto ,https://www.reddit.com/r/trueflip/
TGC,TigerCoin,4623,False,,
TGT,TargetCoin,472769,True,https://twitter.com/TargetCoin,
THC,The Hempcoin,29924,True,https://twitter.com/thehempcoin,https://www.reddit.com/r/thehempcoin/
THNX,ThankYou,228146,False,,
THS,TechShares,45615,False,,
TIA,Tianhe,29455,False,,
TIC,TrueInvestmentCoin,44752,False,,
TIE,Ties Network,205991,False,,
TIME,Time,33914,True,https://twitter.com/ChronobankNews,https://www.reddit.com/r/ChronoBank/
TIO,Trade.io,372812,False,,
TIO*,Tio Tour Guides,419579,False,,
TIT,TitCoin,4624,True,https://twitter.com/OfficialTitcoin,
TIX,Blocktix,175671,True,https://twitter.com/blocktix,https://www.reddit.com/r/blocktix/
TKN,TokenCard  ,71077,True,https://twitter.com/monolith_web3,
TKN*,TrollTokens,22458,False,,
TKR,CryptoInsight,360229,True,https://twitter.com/cryptoinsightio,
TKS,Tokes,35124,True,https://twitter.com/TokesPlatform,https://www.reddit.com/r/tokesplatform/
TKT,Crypto Tickets,311176,False,,
TMC,TimesCoin,5284,False,,
TME,Timereum,199887,False,,
TMT,ToTheMoon,301150,False,,
TNB,Time New Bank,517483,True,https://twitter.com/TimeNewBank,
TNT,Tierion,186309,True,https://twitter.com/tierion,https://www.reddit.com/r/tierion/
TOA,TOA Coin,341019,False,,
TODAY,TodayCoin,28317,False,,
TOK,TokugawaCoin,625173,False,,
TOM,Tomahawkcoin,215602,False,,
TOR,TorCoin,4625,False,,
TOT,TotCoin,28087,False,,
TPAY,TrollPlay,53166,False,,
TPG,Troll Payment,32882,False,,
TRA,Tetra,29926,False,,
TRC,TerraCoin,4626,False,,
TRCT,Tracto,371004,False,,
TRI,Triangles Coin,5341,True,,
TRIA,Triaconta,402884,False,,
TRIBE,TribeToken,186253,False,,
TRICK,TrickyCoin,34483,False,,
TRIG,Trigger,27996,True,https://twitter.com/blocksafe,
TRIP,Trippki,329767,False,,
TRK,TruckCoin,5351,True,https://twitter.com/truckcoin_v2,
TROLL,Trollcoin,661619,False,,
TRON,Positron,5299,True,,
TRST,TrustCoin,37040,True,https://twitter.com/WeTrustPlatform,https://www.reddit.com/r/WeTrustPlatform/
TRUMP,TrumpCoin,20270,False,,
TRUST,TrustPlus,5384,True,,
TRV,Travel Coin,255293,False,,
TRX,Tronix,310829,True,https://twitter.com/tronfoundation,
TSE,TattooCoin,49610,False,,
TSL,Energo,659973,False,,
TTC,TittieCoin,4627,False,,
TTT,Tap Project,243013,False,,
TUR,Turron,21626,False,,
TWIST,TwisterCoin,40839,False,,
TWLV,Twelve Coin,6105,False,,
TX,Transfer,13045,True,https://twitter.com/Transfer_dev,
TZC,TrezarCoin,338180,False,,
U,Ucoin,5352,True,https://twitter.com/ucointeam,
UAEC,United Arab Emirates Coin,45816,False,,
UBIQ,Ubiqoin,28652,False,,
UBQ,Ubiq,43044,True,,
UCASH,U.CASH,299774,False,,
UET,Useless Ethereum Token,191037,True,https://twitter.com/uetoken,
UFO,UFO Coin,5355,True,https://twitter.com/UFOCoins,https://www.reddit.com/r/ufoo/
UFR,Upfiring,404806,False,,
UGT,ugChain,369179,True,https://twitter.com/ugChain,
UIS,Unitus,5353,True,https://twitter.com/UnitusCoin,
UKG,UnikoinGold,371005,True,https://twitter.com/UnikoinGold,https://www.reddit.com/r/unikoingold/
ULTC,Umbrella,4628,True,https://twitter.com/UmbrellaCryptos,
UMC,Umbrella Coin,213100,False,,
UNAT,Unattanium,5381,True,https://twitter.com/UnattainiumOrg,
UNB,UnbreakableCoin,4629,True,https://twitter.com/Unbreakablcoin,
UNC,UnCoin,8760,False,,
UNF,Unfed Coin,29198,False,,
UNI,Universe,60631,False,,
UNIFY,Unify,182364,False,,
UNIQ,Uniqredit,25594,True,,
UNIT,Universal Currency,20728,True,https://twitter.com/UnitCurrency,
UNITS,GameUnits,38032,False,,
UNITY,SuperNET,20635,True,https://twitter.com/SuperNETorg,https://www.reddit.com/r/supernet/
UNO,Unobtanium,4630,True,https://twitter.com/bryceweiner,
UP,UpToken,347247,False,,
UQC,Uquid Coin,418694,False,,
UR,UR,34750,False,,
URO,UroCoin,4631,True,https://twitter.com/UroFoundation,
USC,Ultimate Secure Cash,100954,False,,
USDE,UnitaryStatus Dollar,5011,False,,
USDT,Tether,171986,True,https://twitter.com/Tether_to,
UTC,UltraCoin,5012,True,https://twitter.com/official_utc,
UTH,Uther,21219,False,,
UTIL,Utility Coin,5013,True,https://twitter.com/UtilityCoinTeam,
UTK,Utrust,236358,False,,
UTN,Universa,466492,False,,
UTT,United Traders Token,587261,True,https://twitter.com/Uttoken,
VAPOR,Vaporcoin,30016,False,,
VDO,VidioCoin,5014,True,https://twitter.com/vidioshare,
VEC2,VectorCoin 2.0 ,22434,False,,
VEE,BLOCKv,306482,False,,
VEG,BitVegan,55544,False,,
VEN,Vechain,236131,True,https://twitter.com/vechainofficial,https://www.reddit.com/r/Vechain/
VERI,Veritaseum,136211,True,https://twitter.com/ReggieMiddleton,
VERSA,Versa Token,7562,False,,
VIA,ViaCoin,5015,True,https://twitter.com/viacoin,https://www.reddit.com/r/viacoin/
VIB,Viberate,198710,True,https://twitter.com/Viberate_com,
VIBE,VIBEHub,336538,True,https://twitter.com/VibeHubVR,
VIDZ,PureVidz,38964,False,,
VIOR,ViorCoin,5407,True,https://twitter.com/viorcoin,
VIP,VIP Tokens,22212,False,,
VIRAL,Viral Coin,6088,True,https://twitter.com/ViralDev,
VISIO,Visio,62648,False,,
VIU,Viuly,393656,False,,
VIVO,VIVO Coin,341205,False,,
VLR,Valorem,579189,False,,
VLT,Veltor,28225,False,,
VLTC,VaultCoin,50730,False,,
VMC,VirtualMining Coin,5409,True,,
VNT,Veredictum,229307,False,,
VOISE,Voise,188352,True,https://twitter.com/voisecom,
VOLT,BitVolt,55553,False,,
VOOT,VootCoin,5016,False,,
VOT,Votecoin,418671,False,,
VOX,Voxels,18180,True,https://twitter.com/Voxelus,
VOYA,Voyacoin,24305,False,,
VPRC,VapersCoin,20718,False,,
VRC,VeriCoin,5017,True,https://twitter.com/VeriCoin,
VRM,Verium,28323,True,https://twitter.com/VeriumReserve,
VRP*,Prosense.tv,338140,False,,
VRS,Veros,33399,False,,
VSL,vSlice,32880,False,,
VSX,Vsync,325279,False,,
VTA,VirtaCoin,20680,False,,
VTC,VertCoin,5018,True,https://twitter.com/Vertcoin,https://www.reddit.com/r/vertcoin/
VTR,Vtorrent,5372,True,https://twitter.com/vTorrentCrypto,
VTX,Vertex,30377,False,,
VTY,Victoriouscoin,30126,False,,
VUC,Virta Unique Coin,182340,False,,
VZT,Vezt,350476,False,,
WABI,WaBi,340940,True,https://twitter.com/wabiico,https://www.reddit.com/r/WabiToken/
WAN,Wanchain,240142,False,,
WAND,WandX,320621,False,,
WARP,WarpCoin,25822,True,,https://www.reddit.com/r/warpnet/
WASH,WashingtonCoin,32870,False,,
WAVES,Waves,20131,True,https://twitter.com/wavesplatform,https://www.reddit.com/r/Wavesplatform/
WAX,Worldwide Asset eXchange,338541,False,,
WAY,WayCoin,27681,False,,
WBB,Wild Beast Coin,5319,True,https://twitter.com/WildBeastBTC,
WBTC,wBTC,62640,False,,
WC,WhiteCoin,5019,False,,
WCG,World Crypto Gold,679479,False,,
WCT,Waves Community Token,43042,False,,
WDC,WorldCoin,5020,True,https://twitter.com/worldcoin_dach,
WEALTH,WealthCoin,42440,True,,
WEB,Webcoin,320596,False,,
WELL,Well,653806,False,,
WEX,Wexcoin,28882,False,,
WGC,World Gold Coin,24402,False,,
WGO,WavesGO,61667,False,,
WGR,Wagerr,178467,False,,
WHL,WhaleCoin,347067,False,,
WIC,Wi Coin,320551,False,,
WILD,Wild Crypto,339533,False,,
WINE,WineCoin,32691,False,,
WINGS,Wings DAO,25946,True,https://twitter.com/wingsplatform,https://www.reddit.com/r/WingsDAO/
WINK,Wink,201962,False,,
WISC,WisdomCoin,48794,False,,
WISH,MyWish,411620,False,,
WISH*,WishFinance,326082,False,,
WIZ,Crowdwiz,310052,False,,
WLK,Wolk,198703,False,,
WMC,WMCoin,21871,False,,
WNET,Wavesnode.net,206512,False,,
WOLF,Insanity Coin,3653,True,,
WOMEN,WomenCoin,348068,False,,
WOP,WorldPay,37191,False,,
WORM,HealthyWorm,228162,False,,
WPR,WePower,355242,False,,
WRC,Worldcore,296844,True,https://twitter.com/worldcoresocial,
WRC*,WarCoin,71873,False,,
WRT,WRTcoin,299811,False,,
WSC,WiserCoin,380671,False,,
WSH,Wish Finance,301216,False,,
WSX,WeAreSatoshi,68084,False,,
WTC,Waltonchain,299397,True,https://twitter.com/waltonchain,
WTT,Giga Watt,179109,True,https://twitter.com/WTTtoken,
WYR,Wyrify,350395,False,,
X2,X2Coin,29376,False,,
X8X,X8Currency,450337,False,,
XAI,SapienceCoin,5021,True,https://twitter.com/SapienceAIFX,
XAI*,AICoin,191228,False,,
XAS,Asch,218107,False,,
XAU,XauCoin,5283,False,,
XAUR,Xaurum,25082,True,https://twitter.com/urumproject,
XBC,BitcoinPlus,5391,True,https://twitter.com/BitcoinPlusXBC,
XBL,Billionaire Token,375352,False,,
XBOT,SocialXbotCoin,5022,False,,
XBS,Bitstake,5023,True,,
XBTS,Beats,29131,False,,
XBY,XtraBYtes,66694,False,,
XC,X11 Coin,5024,True,https://twitter.com/XCurrency,
XCASH,Xcash,5025,True,https://twitter.com/xCashcoin,
XCE,Cerium,6455,False,,
XCI,Cannabis Industry Coin,35955,False,,
XCJ,CoinJob,194689,False,,
XCN,Cryptonite,5386,True,https://twitter.com/CryptoniteCoin,
XCO,XCoin,5408,True,,
XCP,CounterParty,5292,True,https://twitter.com/CounterpartyXCP,https://www.reddit.com/r/counterparty_xcp/
XCPO,Copico,597029,False,,
XCR,Crypti,5026,True,https://twitter.com/CryptiTeam,
XCRE,Creatio,34604,False,,
XCS,CybCSec Coin,340112,False,,
XCT,C-Bits,78227,False,,
XCXT,CoinonatX,253688,False,,
XDB,DragonSphere,20826,True,https://twitter.com/DragonSphereXDB,
XDC,XinFin Coin,477743,False,,
XDE2,XDE II,22430,False,,
XDN,DigitalNote ,5282,True,https://twitter.com/DigitalNote_XDN,https://www.reddit.com/r/digitalNote/
XDP,DogeParty,3655,True,https://twitter.com/theDogeparty,
XDQ,Dirac Coin,5347,True,https://twitter.com/BryceWeiner,
XEL,Elastic,178861,True,https://twitter.com/elastic_coin,https://www.reddit.com/r/elasticproject/
XEM,NEM,5285,True,https://twitter.com/NEMofficial,
XEN,XenixCoin,34324,False,,
XFC,Forever Coin,6452,False,,
XFT,Footy Cash,625458,False,,
XG,XG Sports,5376,True,https://twitter.com/XGcurrency,
XGB,GoldenBird,41989,False,,
XGR,GoldReserve,71862,False,,
XHI,HiCoin,20202,False,,
XID,Sphre AIR,199026,False,,
XID*,International Diamond Coin,20387,False,,
XIN*,Infinity Economics,372654,False,,
XIOS,Xios,360740,False,,
XJO,JouleCoin,5027,False,,
XLB,LibertyCoin,5028,False,,
XLC,LeviarCoin,198337,True,https://twitter.com/leviarcoin_fdn,
XLM,Stellar,4614,True,https://twitter.com/stellarorg,https://www.reddit.com/r/stellar/
XLR,Solaris,61061,False,,
XMCC,MonacoCoin,222133,False,,
XMG,Coin Magi,5331,True,https://twitter.com/CoinMagi,
XMR,Monero,5038,True,https://twitter.com/monerocurrency,https://www.reddit.com/r/monero/
XMRG,Monero Gold,463101,False,,
XMS,Megastake,6110,True,,
XMY,MyriadCoin,4345,True,https://twitter.com/myriadcoin,
XNA,DeOxyRibose,6097,False,,
XNC,XenCoin,33939,False,,
XNC*,Numismatic Collections,41866,False,,
XNG,Enigma,35953,False,,
XNN,Xenon,362769,False,,
XNX,XanaxCoin,21773,False,,
XP,XP,318154,False,,
XPB,Pebble Coin,5346,True,,
XPD,PetroDollar,3646,True,https://twitter.com/ThePetroDollar,https://www.reddit.com/r/thePetroDollar/
XPH,PharmaCoin,7590,False,,
XPM,PrimeCoin,5029,True,https://twitter.com/Primecoin,
XPO,Opair,29008,False,,
XPOKE,PokeChain,25817,False,,
XPRO,ProCoin,38380,False,,
XPS,PoisonIvyCoin,105220,False,,
XPTX,PlatinumBAR,385933,False,,
XPY,PayCoin,5030,True,https://twitter.com/TeamPayCoin,https://www.reddit.com/r/paycoin/
XQN,Quotient,5400,True,https://twitter.com/QuotientXQN,
XRA,Ratecoin,21770,True,https://twitter.com/Rate_coin,
XRB,RaiBlocks,172091,False,,
XRE,RevolverCoin,20823,False,,
XRED,X Real Estate Development,336594,False,,
XRL,Rialto.AI,179990,False,,
XRP,Ripple,5031,True,https://twitter.com/Ripple,https://www.reddit.com/r/ripple/
XSB,Extreme Sportsbook,364846,False,,
XSEED,BitSeeds,8683,True,https://twitter.com/BitSeeds,
XSH,SHIELD,419814,False,,
XSI,Stability Shares,5306,True,,
XSP,PoolStamp,35816,True,,
XSPEC,Spectre,42598,False,,
XST,StealthCoin,5032,True,https://twitter.com/StealthCoin,
XT,ExtremeCoin,24885,False,,
XTC,TileCoin,5321,True,https://twitter.com/tilecoinx,
XTRA,ExtraCredit,608756,False,,
XTZ,Tezos,166390,True,https://twitter.com/tez0s,https://www.reddit.com/r/tezos/
XUC,Exchange Union,184221,True,https://twitter.com/exchange_union,
XUN,UltraNote,436007,False,,
XUP,UPcoin,29460,False,,
XVC,Vcash,5303,True,https://twitter.com/vdotcash,https://www.reddit.com/r/vcash/
XVE,The Vegan Initiative,59973,False,,
XVG,Verge,4433,True,https://twitter.com/vergecurrency,https://www.reddit.com/r/verge/
XVP,VirtacoinPlus,57734,False,,
XWC,WhiteCoin,20338,True,https://twitter.com/whitecoiner,https://www.reddit.com/r/whitecoin/
XWT,World Trade Funds,6096,True,https://twitter.com/WorldTradeFunds,
XXX,XXXCoin,5033,False,,
XZC,ZCoin,30022,True,https://twitter.com/zcoinofficial,
YAC,YAcCoin,5034,True,https://twitter.com/YACCoin,
YAY,YAYcoin,40847,False,,
YBC,YbCoin,3639,True,https://twitter.com/ybcoin,https://www.reddit.com/r/ybcoin/
YES,YesCoin,40990,False,,
YMC,YamahaCoin,42099,False,,
YOC,YoCoin,20691,False,,
YOVI,YobitVirtualCoin,22254,False,,
YOYOW,Yoyow,322002,True,https://twitter.com/InfoYoyow,
Z2,Z2 Coin,252359,False,,
ZAB,ZABERcoin,363992,False,,
ZBC,Zilbercoin,45250,False,,
ZCC,ZCC Coin,5035,False,,
ZCG,ZCashGOLD,431170,False,,
ZCL,ZClassic,32544,True,https://twitter.com/ZclassicCoin,https://www.reddit.com/r/ZClassic/
ZEC,ZCash,24854,True,https://twitter.com/zcashco,https://www.reddit.com/r/zec/
ZECD,ZCashDarkCoin,32777,False,,
ZED,ZedCoins,5036,False,,
ZEIT,ZeitCoin,20908,False,,
ZEN,ZenCash,116180,True,https://twitter.com/ZenCashOfficial,
ZENI,Zennies,56253,False,,
ZEPH,Project Zephyr,375396,False,,
ZER,Zero,51845,False,,
ZET,ZetaCoin,4347,True,https://twitter.com/zetacoins,
ZET2,Zeta2Coin,28136,False,,
ZLQ,ZLiteQubit,39704,False,,
ZNA,Zenome,318794,False,,
ZNE,ZoneCoin,28227,False,,
ZNT,OpenZen,197886,False,,
ZNY,BitZeny,8762,False,,
ZOI,Zoin,53178,False,,
ZOOM,ZoomCoin,22245,False,,
ZRC,ZrCoin,129604,True,https://twitter.com/ZrCoin,
ZRC*,ZiftrCoin,5037,True,https://twitter.com/ziftrCOIN,
ZRX,0x,186277,True,https://twitter.com/0xproject,
ZSC,Zeusshield,341328,True,https://twitter.com/zeusshield,
ZSE,ZSEcoin,79875,False,,
ZUR,Zurcoin,30391,False,,
ZXT,Zcrypt,32785,False,,
ZYD,ZayedCoin,28216,False,,
xGOx,Go!,380754,False,,
